spo,gene,funct,Name,Group,Category,Subcategory,COG,Metabolism,NCBI,Function,pval_vib,padj_vib,pval_mari,padj_mari,pval_cc,padj_cc,meanW_rpomAlone,semW_rpomAlone,meanW_vib,semW_vib,meanW_mari,semW_mari,meanW_CC,semW_CC,sig_vib,sig_mari,sig_cc,Vib_fold_diff,Mari_fold_diff,CC_fold_diff
SPO_Sp16SA,16S rRNA,,,Altered environment,Cell Cycle/Growth,Transcription/Ribosome,NA,,,NA,NA,NA,NA,NA,0,0,0.97,0,1.04,0,1.05,0.01,1.05,0,NA,NA,yes,0.1,0.11,0.11
SPO_Sp16SB,16S rRNA,,,Altered environment,Cell Cycle/Growth,Transcription/Ribosome,NA,,,NA,NA,NA,NA,NA,0,0,0.96,0.01,1.04,0,1.05,0.01,1.05,0,NA,NA,yes,0.11,0.13,0.13
SPO_Sp16SC,16S rRNA,,,Altered environment,Cell Cycle/Growth,Transcription/Ribosome,NA,,,NA,NA,NA,NA,NA,0,0,0.96,0.01,1.04,0,1.05,0.01,1.06,0,NA,NA,yes,0.11,0.13,0.14
SPO0503,rpmD,ribosomal protein L30,LSU ribosomal protein L30P,Altered environment,Cell Cycle/Growth,Transcription/Ribosome,translation,Anabolic,SPO_RS02540,COG1841,NA,NA,NA,NA,0,0,0.62,0.02,0.8,0.04,0.74,0.03,0.79,0.04,NA,NA,yes,0.36,0.25,0.34
SPO0691,era,GTP-binding protein Era,GTP-binding protein Era,Altered environment,Cell Cycle/Growth,Division,translation,Anabolic,SPO_RS03490,COG1159,0,0,0,0,NA,NA,0.56,0.19,0.97,0.04,1.01,0.05,0.84,0.13,yes,yes,NA,0.78,0.84,0.58
SPO0779,rpe,ribulose-phosphate 3-epimerase,ribulose-5-phosphate 3-epimerase (EC 5.1.3.1),Altered environment,Metabolism,PPP non-oxidative,Carbon,Anabolic,SPO_RS03930,COG0036,0,0,NA,NA,NA,NA,0,0,0.1,0.1,0.07,0.07,0.17,0.12,yes,NA,NA,3.5,3,4.2
SPO0875,gap-2,"glyceraldehyde-3-phosphate dehydrogenase, type I","glyceraldehyde-3-phosphate dehydrogenase, type I",Altered environment,Metabolism,Glycolysis/Gluconeogenesis,Carbon,Amphibolic,SPO_RS04410,COG0057,NA,NA,NA,NA,0,0,0.63,0.04,0.75,0.03,0.67,0.03,0.83,0.02,NA,NA,yes,0.25,0.087,0.39
SPO0935,SPO0935,nitroreductase family protein,nitroreductase family protein,Altered environment,Energy,,Energy,Catabolic,SPO_RS04700,COG0778,NA,NA,NA,NA,0,0,1.1,0.04,1.02,0.03,1.04,0.02,0.98,0.03,NA,NA,yes,-0.11,-0.08,-0.17
SPO1171,pyc,pyruvate carboxylase,pyruvate carboxylase,Altered environment,Metabolism,TCA/Gluconeogenesis,Energy,Anabolic,SPO_RS05935,COG1038,NA,NA,0,0,NA,NA,1.06,0.02,0.99,0.02,0.97,0.01,0.99,0.01,NA,yes,NA,-0.098,-0.13,-0.098
SPO1383,ctaD,"cytochrome c oxidase, aa3-type, subunit I","cytochrome c oxidase, aa3-type, subunit I",Altered environment,Energy,Aerobic Respiration,Energy,Catabolic,SPO_RS07060,COG0843,0,0,NA,NA,NA,NA,0.62,0.02,0.84,0.02,0.78,0.03,0.9,0.01,yes,NA,NA,0.43,0.33,0.53
SPO1443,rhlE,ATP-dependent RNA helicase RhlE,NA,Altered environment,Cell Cycle/Growth,Transcription/Ribosome,NA,,SPO_RS07355,NA,0,0,0,0,0,0,0.7,0.03,0.95,0.04,0.9,0.02,0.94,0.04,yes,yes,yes,0.44,0.36,0.42
SPO1898,SPO1898,cytochrome P450 family protein,NA,Altered environment,Energy,Aerobic Respiration,NA,,SPO_RS09640,NA,0,0,NA,NA,NA,NA,1.15,0.05,1.04,0.05,1.1,0.05,1.04,0.05,yes,NA,NA,-0.14,-0.064,-0.14
SPO2099,cycF,cytochrome c-554,cytochrome c-554,Altered environment,Energy,Nitrite generating,Energy,Catabolic,SPO_RS10645,COG3909,0,0,NA,NA,NA,NA,1.07,0.01,0.96,0.07,1,0.01,1,0.03,yes,NA,NA,-0.15,-0.097,-0.097
SPO2242,pdhC,"pyruvate dehydrogenase complex, E2 component, dihydrolipoamide acetyltransferase","pyruvate dehydrogenase complex, E2 component, dihydrolipoamide acetyltransferase",Altered environment,Metabolism,TCA,Energy,Catabolic,SPO_RS11365,COG0508,NA,NA,NA,NA,0,0,0.18,0.08,0.51,0.1,0.45,0.09,0.63,0.07,NA,NA,yes,1.5,1.3,1.8
SPO2340,sodB,"superoxide dismutase, Fe","superoxide dismutase, Fe",Altered environment,ROS,,Inorganics,,SPO_RS11860,COG0605,0,0,NA,NA,0,0,0.16,0.11,0.55,0.03,0.46,0.08,0.73,0.05,yes,NA,yes,1.7,1.5,2.1
SPO2474,eno,enolase,enolase (EC 4.2.1.11),Altered environment,Metabolism,Glycolysis/Gluconeogenesis,Carbon,Amphibolic,SPO_RS12565,COG0148,NA,NA,NA,NA,0,0,0.2,0.1,0.48,0.07,0.48,0.07,0.49,0.03,NA,NA,yes,1.2,1.2,1.3
SPO2819,pntB,"NAD(P)+ transhydrogenase, beta subunit","NAD(P)+ transhydrogenase, beta subunit",Altered environment,Energy,Aerobic Respiration,Energy,Anabolic,SPO_RS14320,COG1282,0,0,0,0,NA,NA,0.76,0.02,1,0.01,0.98,0.03,1.04,0.02,yes,yes,NA,0.39,0.36,0.45
SPO2820,pntA,"NAD(P) transhydrogenase, alpha subunit",NAD(P) transhydrogenase subunit alpha,Altered environment,Energy,Aerobic Respiration,Energy,Anabolic,SPO_RS14325,COG3288,NA,NA,NA,NA,0,0,0.83,0.07,1,0.05,1,0.01,1.07,0.03,NA,NA,yes,0.27,0.27,0.36
SPO3073,ctaE,"cytochrome c oxidase, subunit III","cytochrome c oxidase, subunit III",Altered environment,Energy,Aerobic Respiration,Energy,Catabolic,SPO_RS15570,COG1845,0,0,0,0,NA,NA,0.62,0.02,0.84,0.02,0.78,0.01,0.84,0.02,yes,yes,NA,0.43,0.33,0.43
SPO3075,ctaB,Protoheme IX farnesyltransferase (EC 2.5.1.141) (Heme O synthase),protoheme IX farnesyltransferase,Altered environment,Energy,Aerobic Respiration,"Coenzyme,Lipids",Catabolic,SPO_RS15580,COG0109,0,0,0,0,0,0,0.47,0.04,0.87,0.01,0.76,0.06,0.86,0.04,yes,yes,yes,0.87,0.68,0.86
SPO3076,ctaC,"cytochrome c oxidase, subunit II","cytochrome c oxidase, subunit II",Altered environment,Energy,Aerobic Respiration,Energy,Catabolic,SPO_RS15585,COG1622,NA,NA,0,0,0,0,0.59,0.03,0.8,0.02,0.82,0.04,0.83,0.02,NA,yes,yes,0.43,0.47,0.49
SPO3256,rpmE,ribosomal protein L31,LSU ribosomal protein L31P,Altered environment,Cell Cycle/Growth,Transcription/Ribosome,translation,Anabolic,SPO_RS16490,COG0254,NA,NA,0,0,NA,NA,0,0,0.14,0.12,0.14,0.08,0.25,0.09,NA,yes,NA,3.9,3.9,4.7
SPO3810,gpmI,"2,3-bisphosphoglycerate-independent phosphoglycerate mutase",phosphoglycerate mutase (EC 5.4.2.1),Altered environment,Metabolism,Glycolysis/Gluconeogenesis,Carbon,Amphibolic,SPO_RS19335,COG0696,NA,NA,0,0,NA,NA,0.04,0.04,0.35,0.03,0.3,0.03,0.33,0.11,NA,yes,NA,2.8,2.6,2.8
SPOA0212,SPOA0212,nitric oxide reductase F protein,NA,Altered environment,Energy,NO removal,NA,,SPO_RS20895,NA,NA,NA,NA,NA,0,0,0.86,0.02,0.51,0.27,0.99,0.11,1.07,0.06,NA,NA,yes,-0.74,0.2,0.31
SPOA0223,nirF,cytochrome cd1 nitrite reductase,NA,Altered environment,Energy,NO generating,NA,,SPO_RS20950,NA,0,0,NA,NA,NA,NA,1.06,0.03,0.94,0.02,0.99,0.04,1,0.03,yes,NA,NA,-0.17,-0.098,-0.083
SPO0095,pncB,nicotinate phosphoribosyltransferase,nicotinate phosphoribosyltransferase,Altered environment,Energy,,Coenzyme,Amphibolic,SPO_RS00480,COG1488,0,0,NA,NA,NA,NA,0.89,0.02,0.96,0.01,0.96,0.01,0.93,0.03,yes,NA,NA,0.11,0.11,0.063
SPO1240,SPO1240,"type I secretion outer membrane protein, TolC family",NA,Antimicrobial/Efflux/Signaling,,,NA,,SPO_RS06315,NA,0,0,NA,NA,0,0,0.44,0.1,0.83,0.07,0.59,0.03,0.83,0.05,yes,NA,yes,0.9,0.42,0.9
SPO1333,SPO1333,"periplasmic serine protease, DO/DeqQ family",NA,NA,,,NA,,SPO_RS06795,NA,0,0,NA,NA,NA,NA,0.96,0.04,1.08,0.04,1.05,0.03,1.05,0.04,yes,NA,NA,0.17,0.13,0.13
SPO1757,kpsS,capsular polysaccharide export protein KpsS,NA,Antimicrobial/Efflux/Signaling,,,NA,,SPO_RS08940,NA,NA,NA,NA,NA,0,0,1.08,0.04,1.02,0.03,0.98,0.04,0.95,0.02,NA,NA,yes,-0.082,-0.14,-0.18
SPO1928,SPO1928,Tat (twin-arginine translocation) pathway signal sequence domain protein,NA,Antimicrobial/Efflux/Signaling,,,NA,,SPO_RS09790,NA,NA,NA,0,0,NA,NA,1.13,0.02,1.08,0.02,1.03,0.01,1.06,0.02,NA,yes,NA,-0.065,-0.13,-0.091
SPO2251,orfg14,gene transfer agent,NA,Antimicrobial/Efflux/Signaling,,,NA,,SPO_RS11420,NA,0,0,NA,NA,NA,NA,0.85,0.04,0.47,0.16,0.8,0.06,0.83,0.28,yes,NA,NA,-0.84,-0.086,-0.034
SPO2713,secA2,Protein translocase subunit SecA 2,NA,Antimicrobial/Efflux/Signaling,,,NA,,SPO_RS13760,NA,NA,NA,0,0,NA,NA,0.98,0.07,0.91,0.1,0.73,0.04,0.82,0.12,NA,yes,NA,-0.11,-0.42,-0.25
SPO2986,SPO2986,tellurite resistance protein,NA,Antimicrobial/Efflux/Signaling,,,NA,,SPO_RS15135,NA,0,0,NA,NA,NA,NA,1.17,0.03,1.03,0.04,1.05,0.04,1.08,0.05,yes,NA,NA,-0.18,-0.15,-0.11
SPO3091,SPO3091,type II secretion system protein F (GspF),NA,Antimicrobial/Efflux/Signaling,,,NA,,SPO_RS15665,NA,NA,NA,0,0,0,0,1.05,0.04,1,0.01,0.97,0.02,0.96,0.03,NA,yes,yes,-0.07,-0.11,-0.13
SPOA0111,SPOA0111,"indolepyruvate oxidoreductase, IorA subunit","indolepyruvate oxidoreductase, IorA subunit, putative",Antimicrobial/Efflux/Signaling,Plant Hormone,Auxin,Energy,Amphibolic,SPO_RS20385,COG4231,NA,NA,NA,NA,0,0,1.09,0.02,1,0.01,1.02,0.02,1,0.02,NA,NA,yes,-0.12,-0.095,-0.12
SPO0801,fadD,4-coumarate:CoA ligase,4-coumarate:CoA ligase,Central Metabolism,Catabolism,Aromatic compound,lipids,Amphibolic,SPO_RS04040,COG0318,0,0,NA,NA,NA,NA,0.98,0.03,0.83,0.02,0.95,0.04,0.94,0.02,yes,NA,NA,-0.24,-0.044,-0.06
SPO1744,SPO1744,"sarcosine oxidase, beta subunit family","sarcosine oxidase, beta subunit family",Central Metabolism,Catabolism,Sarcosine,AA,Catabolic,SPO_RS08875,COG0665,NA,NA,0,0,NA,NA,0.92,0.01,0.98,0.05,1.02,0.01,1.03,0.04,NA,yes,NA,0.09,0.15,0.16
SPO1746,SPO1746,"sarcosine oxidase, alpha subunit family","sarcosine oxidase, alpha subunit family",Central Metabolism,Catabolism,Sarcosine,AA,Catabolic,SPO_RS08885,COG0404,0,0,NA,NA,NA,NA,1,0.01,0.9,0.04,0.96,0.03,0.93,0.03,yes,NA,NA,-0.15,-0.058,-0.1
SPO2136,nrdJ,"ribonucleoside-diphosphate reductase, adenosylcobalamin-dependent",NA,Central Metabolism,Nucleotide,,NA,,SPO_RS10830,NA,NA,NA,NA,NA,0,0,0.95,0.02,1.04,0.02,1.02,0.01,1.04,0.01,NA,NA,yes,0.13,0.1,0.13
SPO2203,mmsA,methylmalonate-semialdehyde dehydrogenase,methylmalonate-semialdehyde dehydrogenase [acylating] (EC 1.2.1.27),Central Metabolism,Catabolism,Methylmalonate,Energy,Catabolic,SPO_RS11170,COG1012,NA,NA,0,0,NA,NA,1.09,0.02,1.02,0.02,1,0.01,1.02,0.02,NA,yes,NA,-0.095,-0.12,-0.095
SPO2483,anmK,Anhydro-N-acetylmuramic acid kinase (EC 2.7.1.170),NA,Central Metabolism,Amino Sugar Metabolism,,NA,,SPO_RS12610,NA,NA,NA,NA,NA,0,0,1.19,0.07,1.27,0.08,1.14,0.13,1.03,0.07,NA,NA,yes,0.093,-0.061,-0.21
SPO3561,xsc,sulfoacetaldehyde acetyltransferase,sulfoacetaldehyde acetyltransferase (EC 2.3.3.15),Central Metabolism,Catabolism,Sulfoacetaldehyde,"AA,Coenzyme",Catabolic,SPO_RS18040,COG0028,0,0,NA,NA,0,0,0.39,0.05,0.75,0.04,0.47,0.07,0.68,0.02,yes,NA,yes,0.93,0.26,0.79
SPOA0073,arsC-2,arsenate reductase,NA,Central Metabolism,Catabolism,Arsenate,NA,,SPO_RS20140,NA,0,0,0,0,0,0,0.49,0.12,0.94,0.05,0.86,0.03,0.85,0.06,yes,yes,yes,0.93,0.8,0.78
SPO2272,hisA2,1-(5-phosphoribosyl)-5-[(5-phosphoribosylamino)methylideneamino] imidazole-4-carboxamide isomerase 2 (EC 5.3.1.16),1-(5-phosphoribosyl)-5-[(5-phosphoribosylamino)methylideneamino] imidazole-4-carboxamide isomerase (EC 5.3.1.16),Central Metabolism,Amino acid,Histidine,AA,Anabolic,SPO_RS11520,COG0106,NA,NA,NA,NA,0,0,0.98,0.03,1.02,0.02,1.01,0.05,0.9,0.01,NA,NA,yes,0.057,0.043,-0.12
SPO2812,argE-1,acetylornithine deacetylase,acetylornithine deacetylase,Central Metabolism,Amino Acid,Arg,AA,Anabolic,SPO_RS14285,COG0624,NA,NA,0,0,0,0,1.15,0.04,1.08,0.06,1.05,0.03,1.03,0.03,NA,yes,yes,-0.09,-0.13,-0.16
SPO1155,hisE,Phosphoribosyl-ATP pyrophosphatase (EC 3.6.1.31),phosphoribosyl-ATP pyrophosphatase (EC 3.6.1.31),Central Metabolism,Amino Acid,Histidine,AA,Anabolic,SPO_RS05855,COG0140,NA,NA,0,0,NA,NA,0.05,0.05,0.35,0.22,0,0,0.16,0.16,NA,yes,NA,2.6,-2.6,1.5
SPO2653,pyrC,Dihydroorotase (EC 3.5.2.3),dihydroorotase (EC 3.5.2.3),Central Metabolism,Nucleotide,Pyrimidine,nucleotide,Anabolic,SPO_RS13460,COG0418,0,0,NA,NA,NA,NA,0.16,0.1,0,0,0.11,0.11,0.34,0.22,yes,NA,NA,-4.1,-0.5,1
SPOA0112,feaB,phenylacetaldehyde dehydrogenase,aldehyde dehydrogenase (acceptor) (EC 1.2.99.3),Central Metabolism,Amino Acid,Phenylalanine,Energy,Amphibolic,SPO_RS20390,COG1012,NA,NA,NA,NA,0,0,0.92,0.02,1,0.02,0.95,0.02,1,0.01,NA,NA,yes,0.12,0.046,0.12
SPO1794,SPO1794,"formate dehydrogenase, gamma subunit",formate dehydrogenase gamma subunit (EC 1.2.1.2),Central Metabolism,Catabolism,1-C,Energy,Catabolic,SPO_RS09125,COG2864,0,0,0,0,0,0,1.13,0.05,0.96,0.06,0.87,0.07,0.9,0.12,yes,yes,yes,-0.23,-0.37,-0.33
SPO1862,SPO1862,metFprotein-like protein,"metFprotein, homolog",Central Metabolism,Catabolism,1-C,AA,Amphibolic,SPO_RS09465,COG0685,0,0,NA,NA,NA,NA,0.91,0.03,1.07,0.03,0.94,0.06,0.98,0.04,yes,NA,NA,0.23,0.046,0.11
SPO3217,def-1,peptide deformylase,peptide deformylase,Central Metabolism,Catabolism,,translation,Catabolic,SPO_RS16295,COG0242,NA,NA,NA,NA,0,0,0.78,0.04,0.89,0.04,0.86,0.02,0.96,0.03,NA,NA,yes,0.19,0.14,0.3
SPO3360,kbl,2-amino-3-ketobutyrate coenzyme A ligase,2-amino-3-ketobutyrate coenzyme A ligase (EC 2.3.1.29),Competition,Carbon source,Threonine,Coenzyme,Catabolic,SPO_RS17020,COG0156,NA,NA,NA,NA,0,0,1.08,0.02,1,0.03,1.02,0.02,0.99,0.01,NA,NA,yes,-0.11,-0.082,-0.12
SPO0397,glnD,protein-P-II uridylyltransferase,NA,Competition,Nitrogen Acquisition,Regulation,NA,,SPO_RS02010,NA,NA,NA,NA,NA,0,0,0.89,0.04,0.2,0.2,0.59,0.06,0,0,NA,NA,yes,-2.1,-0.58,-6.5
SPO0521,SPO0521,"glutamate/glutamine/aspartate/asparagine ABC transporter, permease protein",L-glutamate ABC transporter membrane protein/L-glutamine ABC transporter membrane protein/L-aspartate ABC transporter membrane protein/L-asparagine ABC transporter membrane protein,Competition,Transporter,"Amino acid, N-rich",AA,Transport,SPO_RS02630,COG0765,NA,NA,NA,NA,0,0,0.91,0.03,1.04,0.02,0.99,0.01,1.06,0.02,NA,NA,yes,0.19,0.12,0.22
SPO0673,tpa,taurine--pyruvate aminotransferase,taurine--pyruvate aminotransferase,Competition,Carbon source,Taurine,Coenzyme,Catabolic,SPO_RS03400,COG0161,NA,NA,0,0,NA,NA,0.98,0.03,0.86,0.05,0.85,0.03,0.91,0.01,NA,yes,NA,-0.19,-0.2,-0.11
SPO0715,SPO0715,phosphocarrier protein HPr,phosphocarrier protein HPr,Competition,Transporter,Sugar,Carbon,Transport,SPO_RS03610,COG1925,NA,NA,0,0,NA,NA,0.34,0.14,0.83,0.14,0.77,0.06,0.69,0.23,NA,yes,NA,1.3,1.2,1
SPO0800,SPO0800,choline sulfatase,"choline sulfatase, putative",Competition,Carbon source,Choline,Inorganics,Catabolic,SPO_RS04035,COG3119,NA,NA,NA,NA,0,0,0.78,0.05,0.86,0.05,0.91,0.02,0.94,0.01,NA,NA,yes,0.14,0.22,0.27
SPO0891,SPO0891,"alkylphosphonate utilization protein PhnM, putative","alkylphosphonate utilization protein PhnM, putative",Competition,Phosphate,Alkylphosphonate,Inorganics,Catabolic,SPO_RS04490,COG3454,NA,NA,0,0,NA,NA,1.07,0.04,1.02,0.04,0.99,0.01,1.03,0.04,NA,yes,NA,-0.068,-0.11,-0.054
SPO1213,SPO1213,"oligopeptide ABC transporter, ATP-binding protein",NA,Competition,Transporter,Peptide,NA,,SPO_RS06155,NA,NA,NA,0,0,NA,NA,0.98,0.02,0.99,0.01,0.9,0.01,0.98,0.05,NA,yes,NA,0.014,-0.12,0
SPO1519,coxL-1,"carbon monoxide dehydrogenase, large subunit","xanthine dehydrogenase, molybdenum binding subunit apoprotein (EC 1.17.1.4)",Competition,Carbon source,CO,Energy,Catabolic,SPO_RS07730,COG1529,0,0,NA,NA,0,0,1.07,0.02,0.95,0.01,1,0.03,0.91,0.03,yes,NA,yes,-0.17,-0.097,-0.23
SPO1586,mgdC,N-methylglutamate dehydrogenase subunit C,N-methylglutamate dehydrogenase subunit C (EC 1.5.99.5),Competition,Carbon source,Methylamine,AA,Catabolic,SPO_RS08070,COG0404,NA,NA,0,0,NA,NA,1.08,0.03,0.94,0.07,0.95,0.05,1.01,0.06,NA,yes,NA,-0.2,-0.18,-0.096
SPO1727,SPO1727,"polyphosphate kinase 2, putative","polyphosphate kinase 2, putative",Competition,"Storage, phosphorus",Polyphosphate,Energy,Catabolic,SPO_RS08790,COG2326,NA,NA,NA,NA,0,0,1.11,0.05,1.06,0.08,1.02,0.03,0.24,0.24,NA,NA,yes,-0.066,-0.12,-2.2
SPO1814,SPO1814,"TRAP dicarboxylate transporter, DctP subunit, putative","TRAP dicarboxylate transporter, DctP subunit, putative",Competition,Transporter,Organic acid,Carbon,Transport,SPO_RS09230,COG1638,0,0,0,0,0,0,1.16,0.03,1,0.04,1.01,0,1.02,0.01,yes,yes,yes,-0.21,-0.2,-0.18
SPO1816,SPO1816,"TRAP dicarboxylate transporter, DctM subunit, putative","TRAP dicarboxylate transporter, DctM subunit, putative",Competition,Transporter,Organic acid,Carbon,Transport,SPO_RS09240,COG1593,NA,NA,0,0,0,0,1.09,0.01,0.97,0.03,0.97,0.01,0.96,0.02,NA,yes,yes,-0.17,-0.17,-0.18
SPO2626,SPO2626,"TRAP transporter, DctM subunit","TRAP transporter, DctM subunit",Competition,Transporter,Organic acid,Carbon,Transport,SPO_RS13320,COG1593,0,0,NA,NA,0,0,1.13,0.03,1.03,0.05,1.06,0.03,1.04,0.03,yes,NA,yes,-0.13,-0.091,-0.12
SPO2627,SPO2627,"TRAP transporter, DctQ subunit","TRAP transporter, DctQ subunit",Competition,Transporter,Organic acid,Carbon,Transport,SPO_RS13325,COG3090,0,0,NA,NA,0,0,1.06,0.05,0.94,0.06,0.98,0.05,0.67,0.23,yes,NA,yes,-0.17,-0.11,-0.65
SPO2630,SPO2630,C4-dicarboxylate transport sensor protein,NA,Competition,Transporter,Organic acid,NA,,SPO_RS13340,NA,0,0,NA,NA,NA,NA,1.19,0.03,1,0.02,1.07,0.05,1.07,0.02,yes,NA,NA,-0.25,-0.15,-0.15
SPO2708,SPO2708,carnitine dehydratase,aldehyde dehydrogenase (acceptor) (EC 1.2.99.3),Competition,Carbon source,Carnitine,Energy,Catabolic,SPO_RS13735,COG1012,0,0,NA,NA,NA,NA,1.06,0.05,0.95,0.05,0.99,0.06,0.96,0.08,yes,NA,NA,-0.16,-0.098,-0.14
SPO2815,SPO2815,"peptide/nickel/opine uptake family ABC transporter, permease protein","peptide/nickel/opine uptake family ABC transporter, permease protein",Competition,Transporter,Organic acid,"AA,Inorganics",Transport,SPO_RS14300,COG0601,0,0,NA,NA,NA,NA,1.08,0.01,0.99,0.02,1.05,0.02,1.01,0.04,yes,NA,NA,-0.12,-0.04,-0.096
SPO2816,SPO2816,"peptide/nickel/opine uptake family ABC transporter, permease protein","peptide/nickel/opine uptake family ABC transporter, permease protein",Competition,Transporter,Organic acid,"AA,Inorganics",Transport,SPO_RS14305,COG1173,0,0,NA,NA,NA,NA,1.09,0.05,0.99,0.02,1.03,0.02,1.04,0.03,yes,NA,NA,-0.14,-0.081,-0.067
SPO3479,glcE,"glycolate oxidase, GlcE subunit","glycolate oxidase, GlcE subunit",Competition,Carbon source,Glycolate,Energy,Catabolic,SPO_RS17620,COG0277,0,0,NA,NA,NA,NA,0.98,0.02,0.72,0.05,0.92,0.02,0.87,0.04,yes,NA,NA,-0.44,-0.09,-0.17
SPO3661,SPO3661,allophanate hydrolase family protein,allophanate hydrolase family protein,Competition,Nitrogen Acquisition,Urea,AA,Catabolic,SPO_RS18555,COG2049,0,0,0,0,0,0,0.92,0.01,0.78,0.03,0.78,0.03,0.75,0.03,yes,yes,yes,-0.24,-0.24,-0.29
SPO3805,dmdD,Methylthioacryloyl-CoA hydratase,methylthioacryloyl-CoA hydratase,Competition,Carbon source,DMSP,lipids,Catabolic,SPO_RS19305,COG1024,NA,NA,0,0,NA,NA,1.1,0.02,1.06,0.03,1.02,0.02,1.08,0.01,NA,yes,NA,-0.053,-0.11,-0.026
SPO3901,SPO3901,"carbon monoxide dehydrogenase G protein, putative","carbon monoxide dehydrogenase G protein, putative",Competition,Carbon source,CO,Energy,Catabolic,SPO_RS18460,COG3427,NA,NA,NA,NA,0,0,1.07,0.02,0.98,0.06,1.02,0.03,0.86,0.06,NA,NA,yes,-0.13,-0.068,-0.31
SPOA0237,dctD-2,C4-dicarboxylate transport transcriptional regulatory protein DctD,NA,Competition,Transporter,Organic acid,NA,,SPO_RS21020,NA,0,0,0,0,0,0,1.17,0.02,0.97,0.02,0.98,0.01,1,0.01,yes,yes,yes,-0.27,-0.25,-0.22
SPOA0238,SPOA0238,"TRAP dicarboxylate transporter, DctP subunit","TRAP dicarboxylate transporter, DctP subunit",Competition,Transporter,Organic acid,Carbon,Transport,SPO_RS21025,COG1638,0,0,0,0,0,0,1.16,0.04,1.02,0.04,1.01,0.02,1.02,0.01,yes,yes,yes,-0.18,-0.2,-0.18
SPOA0240,SPOA0240,"TRAP transporter, DctM subunit","TRAP transporter, DctM subunit",Competition,Transporter,Organic acid,Carbon,Transport,SPO_RS21035,COG1593,0,0,0,0,0,0,1.08,0.02,0.98,0.04,0.98,0.01,0.98,0.02,yes,yes,yes,-0.14,-0.14,-0.14
SPOA0249,SPOA0249,"TRAP dicarboxylate transporter, DctP subunit","TRAP dicarboxylate transporter, DctP subunit",Competition,Transporter,Organic acid,Carbon,Transport,SPO_RS21080,COG1638,NA,NA,NA,NA,0,0,0.86,0.02,0.92,0.02,0.96,0.03,0.94,0.03,NA,NA,yes,0.096,0.16,0.13
SPO0018,argG,argininosuccinate synthase,argininosuccinate synthase (EC 6.3.4.5),Cross-feeding,Amino Acid,Arg,AA,Amphibolic,SPO_RS00090,COG0137,0,0,0,0,NA,NA,0,0,0.1,0.1,0.07,0.04,0.12,0.07,yes,yes,NA,3.5,3,3.7
SPO0102,panB,3-methyl-2-oxobutanoate hydroxymethyltransferase,ketopantoate hydroxymethyltransferase (EC 2.1.2.11),Cross-feeding,Cofactor,Vitamin B5,Coenzyme,Anabolic,SPO_RS00515,COG0413,0,0,0,0,0,0,0.74,0.03,1,0.01,0.99,0.01,1.01,0.02,yes,yes,yes,0.43,0.42,0.44
SPO0210,leuB,3-isopropylmalate dehydrogenase,3-isopropylmalate dehydrogenase,Cross-feeding,Amino Acid,Leucine,"AA,Energy",Anabolic,SPO_RS01070,COG0473,NA,NA,NA,NA,0,0,0.04,0.04,0.15,0.09,0.05,0.03,0.26,0.05,NA,NA,yes,1.7,0.26,2.4
SPO0215,leuD-1,"3-isopropylmalate dehydratase, small subunit",isopropylmalate isomerase small subunit,Cross-feeding,Amino Acid,Leucine,AA,Anabolic,SPO_RS01095,COG0066,0,0,NA,NA,0,0,0.19,0.02,0.42,0.03,0.29,0.07,0.33,0.04,yes,NA,yes,1.1,0.58,0.77
SPO0284,SPO0284,"dihydroorotase, multifunctional complex type",dihydroorotase (EC 3.5.2.3),Cross-feeding,Nucleotide,Pyrimidine,nucleotide,Anabolic,SPO_RS01440,COG0044,NA,NA,NA,NA,0,0,0.14,0.08,0.41,0.12,0.34,0.09,0.66,0.09,NA,NA,yes,1.5,1.2,2.2
SPO0332,argH,argininosuccinate lyase,argininosuccinate lyase,Cross-feeding,Amino Acid,Arg,AA,Amphibolic,SPO_RS01690,COG0165,0,0,NA,NA,NA,NA,0,0,0.06,0.06,0,0,0,0,yes,NA,NA,2.8,0,0
SPO0422,leuA,2-isopropylmalate synthase,2-isopropylmalate synthase (EC 2.3.3.13),Cross-feeding,Amino Acid,Leucine,AA,Anabolic,SPO_RS02135,COG0119,NA,NA,0,0,NA,NA,0.38,0.05,0.58,0.02,0.58,0.05,0.57,0.05,NA,yes,NA,0.6,0.6,0.57
SPO1318,purA,adenylosuccinate synthetase,Adenylosuccinate synthetase (EC 6.3.4.4),Cross-feeding,Nucleotide,Purine,nucleotide,Anabolic,SPO_RS06720,COG0104,NA,NA,0,0,0,0,0,0,0.09,0.09,0.11,0.11,0.35,0.12,NA,yes,yes,3.3,3.6,5.2
SPO1351,metZ,O-succinylhomoserine sulfhydrylase,O-succinylhomoserine sulfhydrylase (EC 2.5.1.-),Cross-feeding,Amino Acid,Homocysteine,AA,Anabolic,SPO_RS06880,COG0626,0,0,NA,NA,NA,NA,0,0,0.07,0.07,0.06,0.06,0.12,0.12,yes,NA,NA,3,2.8,3.7
SPO1734,hom,homoserine dehydrogenase,homoserine dehydrogenase (EC 1.1.1.3),Cross-feeding,Amino Acid,Homoserine,AA,Anabolic,SPO_RS08825,COG0460,NA,NA,0,0,NA,NA,0,0,0,0,0.31,0.19,0.23,0.23,NA,yes,NA,0,5,4.6
SPO1870,purL,phosphoribosylformylglycinamidine synthase II,phosphoribosylformylglycinamidine synthase subunit II (EC 6.3.5.3),Cross-feeding,Nucleotide,Purine,nucleotide,Anabolic,SPO_RS09505,COG0046,NA,NA,NA,NA,0,0,0.05,0.04,0.41,0.07,0.26,0.09,0.5,0.05,NA,NA,yes,2.8,2.2,3.1
SPO1884,SPO1884,S-methyltransferase component of split metH,methionine synthase I,Cross-feeding,Amino Acid,Met,AA,Anabolic,SPO_RS09575,COG0646,NA,NA,NA,NA,0,0,0,0,0,0,0.04,0.02,0.14,0.11,NA,NA,yes,0,2.3,3.9
SPO1973,aroQ,"3-dehydroquinate dehydratase, type II",3-dehydroquinate dehydratase (EC 4.2.1.10),Cross-feeding,Amino Acid,Aromatic amino acids,AA,Anabolic,SPO_RS10015,COG0757,0,0,NA,NA,NA,NA,0,0,0.14,0.14,0,0,0,0,yes,NA,NA,3.9,0,0
SPO2150,trpD,anthranilate phosphoribosyltransferase,anthranilate phosphoribosyltransferase (EC 2.4.2.18),Cross-feeding,Amino Acid,Tryptophan,AA,Anabolic,SPO_RS10900,COG0547,0,0,NA,NA,0,0,0,0,0.11,0.11,0,0,0.04,0.04,yes,NA,yes,3.6,0,2.3
SPO2151,trpC,indole-3-glycerol phosphate synthase,indole-3-glycerol phosphate synthase (EC 4.1.1.48),Cross-feeding,Amino Acid,Tryptophan,AA,Anabolic,SPO_RS10905,COG0134,0,0,NA,NA,NA,NA,0,0,0.2,0.2,0,0,0.16,0.16,yes,NA,NA,4.4,0,4.1
SPO2168,purN,phosphoribosylglycinamide formyltransferase,formyltetrahydrofolate-dependent phosphoribosylglycinamide formyltransferase (EC 2.1.2.2),Cross-feeding,Nucleotide,Purine,nucleotide,Anabolic,SPO_RS10990,COG0299,0,0,NA,NA,NA,NA,0.21,0.12,0.64,0.04,0.27,0.16,0.49,0.11,yes,NA,NA,1.6,0.35,1.2
SPO2634,SPO2634,"sulfite reductase, putative","sulfite reductase, putative",Cross-feeding,Sulfur Assimilation,,Inorganics,Anabolic,SPO_RS13360,COG0155,0,0,NA,NA,NA,NA,0,0,0.27,0.16,0,0,0.59,0.09,yes,NA,NA,4.8,0,5.9
SPO2635,cysH,phosophoadenylyl-sulfate reductase,phosphoadenylylsulfate reductase (thioredoxin) (EC 1.8.4.8),Cross-feeding,Sulfur Assimilation,,"AA,Coenzyme",Anabolic,SPO_RS13365,COG0175,NA,NA,0,0,NA,NA,0,0,0.79,0.09,0.17,0.17,0.52,0.18,NA,yes,NA,6.3,4.2,5.7
SPO2654,pyrE,orotate phosphoribosyltransferase,orotate phosphoribosyltransferase (EC 2.4.2.10),Cross-feeding,Nucleotide,Pyrimidine,nucleotide,Anabolic,SPO_RS13465,COG0461,0,0,NA,NA,NA,NA,0,0,0.28,0.16,0.16,0.1,0.74,0.04,yes,NA,NA,4.9,4.1,6.2
SPO2677,purF,amidophosphoribosyltransferase,amidophosphoribosyltransferase (EC 2.4.2.14),Cross-feeding,Nucleotide,Purine,nucleotide,Anabolic,SPO_RS13580,COG0034,0,0,NA,NA,NA,NA,0.28,0.09,0.64,0.04,0.36,0.04,0.57,0.1,yes,NA,NA,1.2,0.35,1
SPO3224,cobC,cobalamin biosynthetic protein CobC,L-threonine O-3-phosphate decarboxylase (EC 4.1.1.81),Cross-feeding,Cofactor,B12,AA,Anabolic,SPO_RS16330,COG0079,NA,NA,NA,NA,0,0,0,0,0.6,0.32,0.53,0.31,0.71,0.14,NA,NA,yes,5.9,5.8,6.2
SPO3633,SPO3633,"molybdopterin converting factor, subunit 2",molybdopterin synthase subunit MoaE (EC 2.8.1.12),Cross-feeding,Cofactor,Molybdopterin,Coenzyme,Anabolic,SPO_RS18405,COG0314,0,0,NA,NA,0,0,0.69,0.02,0.92,0.05,0.8,0.04,0.85,0.05,yes,NA,yes,0.41,0.21,0.3
SPO3634,moaD,"molybdopterin converting factor, subunit 1",molybdopterin synthase subunit MoaD (EC 2.8.1.12),Cross-feeding,Cofactor,Molybdopterin,Coenzyme,Anabolic,SPO_RS18410,COG1977,NA,NA,NA,NA,0,0,0.67,0.04,0.8,0.11,0.77,0.07,0.83,0.02,NA,NA,yes,0.25,0.2,0.3
SPO3768,gltB,"glutamate synthase, large subunit",glutamate synthase (NADPH) large subunit (EC 1.4.1.13),Cross-feeding,Amino Acid,Glutamate,AA,Anabolic,SPO_RS19125,COG0069,0,0,NA,NA,0,0,0.21,0.01,0.4,0.02,0.33,0.04,0.36,0.02,yes,NA,yes,0.9,0.63,0.75
SPO0282,SPO0282,hypothetical protein,NA,Hypothetical,,,NA,,SPO_RS01430,NA,NA,NA,NA,NA,0,0,1.07,0.06,0.92,0.05,0.98,0.06,0.94,0.04,NA,NA,yes,-0.22,-0.13,-0.19
SPO0285,SPO0285,hypothetical protein,NA,Hypothetical,,,NA,,SPO_RS01445,NA,NA,NA,0,0,0,0,0.8,0.05,0.91,0.04,0.95,0.03,1,0.03,NA,yes,yes,0.18,0.25,0.32
SPO0286,SPO0286,hypothetical protein,NA,Hypothetical,,,NA,,SPO_RS01450,NA,NA,NA,0,0,NA,NA,0.71,0.06,0.87,0.08,0.91,0.02,0.96,0.06,NA,yes,NA,0.29,0.35,0.43
SPO0322,SPO0322,hypothetical protein,NA,Hypothetical,,,NA,,SPO_RS22380,NA,0,0,0,0,0,0,1.15,0.02,1.04,0.02,1,0.03,1.02,0.1,yes,yes,yes,-0.14,-0.2,-0.17
SPO0344a,SPO0344a,hypothetical protein,NA,Hypothetical,,,NA,,SPO_RS01750,NA,0,0,0,0,NA,NA,0.49,0.04,0.83,0.05,0.73,0.03,0.9,0.04,yes,yes,NA,0.75,0.57,0.86
SPO0464,SPO0464,hypothetical protein,NA,Hypothetical,,,NA,,SPO_RS02340,NA,NA,NA,NA,NA,0,0,0.97,0.03,1.04,0.06,1.05,0.04,1.06,0.04,NA,NA,yes,0.1,0.11,0.13
SPO0529,SPO0529,hypothetical protein,NA,Hypothetical,,,NA,,SPO_RS02670,NA,NA,NA,NA,NA,0,0,1.17,0.08,1.14,0.03,0.99,0.05,1.05,0.06,NA,NA,yes,-0.037,-0.24,-0.15
SPO0655,SPO0655,hypothetical protein,NA,Hypothetical,,,NA,,SPO_RS03310,NA,0,0,NA,NA,NA,NA,0.96,0.03,0.61,0.16,1,0.04,0.9,0.06,yes,NA,NA,-0.65,0.058,-0.092
SPO0882,SPO0882,hypothetical protein,NA,Hypothetical,,,NA,,,NA,0,0,NA,NA,NA,NA,0.98,0.05,1.09,0.01,1.03,0.05,0.99,0.09,yes,NA,NA,0.15,0.071,0.014
SPO0934,SPO0934,hypothetical protein,hypothetical protein,Hypothetical,,,AA,,SPO_RS04695,COG2981,NA,NA,0,0,NA,NA,1.08,0.03,1,0.05,0.98,0.02,0.99,0.03,NA,yes,NA,-0.11,-0.14,-0.12
SPO0976,SPO0976,hypothetical protein,hypothetical protein,Hypothetical,,,Inorganics,,SPO_RS04905,COG2847,NA,NA,NA,NA,0,0,1.15,0.07,0.94,0.11,1.01,0.04,0.92,0.05,NA,NA,yes,-0.29,-0.19,-0.32
SPO1007,SPO1007,hypothetical protein,NA,Hypothetical,,,NA,,SPO_RS05070,NA,NA,NA,0,0,NA,NA,1.16,0.03,1.09,0.02,1.05,0.02,1.09,0.02,NA,yes,NA,-0.089,-0.14,-0.089
SPO1042,SPO1042,hypothetical protein,NA,Hypothetical,,,NA,,SPO_RS05250,NA,0,0,NA,NA,NA,NA,0.84,0.06,1.09,0.05,0.9,0.05,0.98,0.05,yes,NA,NA,0.37,0.098,0.22
SPO1094a,SPO1094a,hypothetical protein,NA,Hypothetical,,,NA,,SPO_RS05555,NA,0,0,NA,NA,NA,NA,1.06,0.02,0.98,0.02,1.02,0.01,1,0.02,yes,NA,NA,-0.11,-0.055,-0.083
SPO1189,SPO1189,hypothetical protein,NA,Hypothetical,,,NA,,SPO_RS06025,NA,NA,NA,0,0,0,0,1.02,0.02,1.06,0.06,1.13,0.08,1.2,0.05,NA,yes,yes,0.055,0.15,0.23
SPO1347,SPO1347,hypothetical protein,NA,Hypothetical,,,NA,,SPO_RS06865,NA,NA,NA,NA,NA,0,0,1.01,0.04,1.02,0.04,0.98,0.03,1.09,0.02,NA,NA,yes,0.014,-0.043,0.11
SPO1427,SPO1427,hypothetical protein,NA,Hypothetical,,,NA,,SPO_RS07280,NA,0,0,NA,NA,0,0,1.06,0.05,0.98,0.03,1,0.02,0.98,0.03,yes,NA,yes,-0.11,-0.083,-0.11
SPO1651,SPO1651,hypothetical protein,NA,Hypothetical,,,NA,,SPO_RS08390,NA,0,0,NA,NA,NA,NA,1,0.02,0.75,0.09,0.92,0.03,0.84,0.08,yes,NA,NA,-0.41,-0.12,-0.25
SPO1769,SPO1769,hypothetical protein,NA,Hypothetical,,,NA,,SPO_RS09000,NA,NA,NA,NA,NA,0,0,0.94,0.09,1.08,0.1,0.9,0.02,1.1,0.01,NA,NA,yes,0.2,-0.062,0.22
SPO1978,SPO1978,hypothetical protein,NA,Hypothetical,,,NA,,SPO_RS10040,NA,0,0,NA,NA,NA,NA,1.01,0.01,0.82,0.05,0.92,0.08,0.93,0.03,yes,NA,NA,-0.3,-0.13,-0.12
SPO2161,SPO2161,hypothetical protein,NA,Hypothetical,,,NA,,SPO_RS10955,NA,NA,NA,0,0,NA,NA,1.07,0.03,1,0.01,0.99,0.02,1.03,0.02,NA,yes,NA,-0.097,-0.11,-0.054
SPO2197,SPO2197,hypothetical protein,NA,Hypothetical,,,NA,,SPO_RS11140,NA,0,0,NA,NA,0,0,1.06,0.04,0.97,0.03,0.98,0.04,0.96,0.04,yes,NA,yes,-0.13,-0.11,-0.14
SPO2326,SPO2326,hypothetical protein,NA,Hypothetical,,,NA,,SPO_RS11790,NA,NA,NA,0,0,NA,NA,1.04,0.07,1.06,0.07,0.92,0.02,0.94,0.1,NA,yes,NA,0.027,-0.18,-0.14
SPO2347,SPO2347,hypothetical protein,NA,Hypothetical,,,NA,,SPO_RS11910,NA,0,0,NA,NA,NA,NA,1.15,0.02,1.03,0.05,1.06,0.04,1.1,0.05,yes,NA,NA,-0.16,-0.12,-0.064
SPO2633,SPO2633,hypothetical protein,NA,Hypothetical,,,NA,,SPO_RS13355,NA,NA,NA,NA,NA,0,0,0,0,0.22,0.22,0,0,0.72,0.24,NA,NA,yes,4.5,0,6.2
SPO2647,SPO2647,hypothetical protein,NA,Hypothetical,,,NA,,SPO_RS13425,NA,NA,NA,0,0,NA,NA,1.08,0.05,1,0.05,0.97,0.03,0.98,0.04,NA,yes,NA,-0.11,-0.15,-0.14
SPO2858,SPO2858,hypothetical protein,NA,Hypothetical,,,NA,,SPO_RS14510,NA,NA,NA,0,0,0,0,0.81,0.07,0.95,0.04,0.98,0.02,0.98,0.03,NA,yes,yes,0.23,0.27,0.27
SPO2906,SPO2906,hypothetical protein,NA,Hypothetical,,,NA,,SPO_RS14745,NA,NA,NA,NA,NA,0,0,0.6,0.05,0.83,0.04,0.78,0.06,0.92,0.03,NA,NA,yes,0.46,0.37,0.61
SPO2923,SPO2923,hypothetical protein,NA,Hypothetical,,,NA,,SPO_RS14825,NA,NA,NA,NA,NA,0,0,1.08,0.05,1.07,0.05,0.94,0.09,1,0.03,NA,NA,yes,-0.013,-0.2,-0.11
SPO2988,SPO2988,hypothetical protein,NA,Hypothetical,,,NA,,SPO_RS15145,NA,NA,NA,NA,NA,0,0,1.11,0.03,1.05,0.03,1.04,0.03,0.98,0.03,NA,NA,yes,-0.079,-0.093,-0.18
SPO3050,SPO3050,hypothetical protein,NA,Hypothetical,,,NA,,,NA,NA,NA,0,0,0,0,0.64,0.1,0.91,0.1,0.9,0.06,0.89,0.05,NA,yes,yes,0.5,0.49,0.47
SPO3052,SPO3052,hypothetical protein,NA,Hypothetical,,,NA,,SPO_RS15465,NA,0,0,0,0,NA,NA,1.17,0.03,0.99,0.04,1.06,0.03,1.13,0.04,yes,yes,NA,-0.24,-0.14,-0.05
SPO3100,SPO3100,hypothetical protein,NA,Hypothetical,,,NA,,SPO_RS15710,NA,NA,NA,NA,NA,0,0,1,0.01,1,0.02,0.99,0.01,1.08,0.02,NA,NA,yes,0,-0.014,0.11
SPO3420,SPO3420,hypothetical protein,NA,Hypothetical,,,NA,,SPO_RS17315,NA,NA,NA,NA,NA,0,0,0.97,0.03,1,0.03,0.95,0.02,1.08,0.02,NA,NA,yes,0.044,-0.03,0.15
SPO3769,SPO3769,hypothetical protein,NA,Hypothetical,,,NA,,SPO_RS19130,NA,0,0,NA,NA,NA,NA,0.18,0.03,0.56,0.02,0.36,0.06,0.38,0.1,yes,NA,NA,1.6,0.96,1
SPOA0007,SPOA0007,hypothetical protein,NA,Hypothetical,,,NA,,SPO_RS19815,NA,NA,NA,0,0,NA,NA,0.45,0.22,1.01,0.15,0.95,0.12,0.75,0.3,NA,yes,NA,1.1,1.1,0.72
SPOA0088,SPOA0088,hypothetical protein,NA,Hypothetical,,,NA,,SPO_RS22660,NA,0,0,NA,NA,0,0,1.1,0.01,0.98,0,0.99,0.01,0.98,0,yes,NA,yes,-0.17,-0.15,-0.17
SPOA0385,SPOA0385,hypothetical protein,hypothetical protein,Hypothetical,,,AA,,SPO_RS21785,COG0665,NA,NA,NA,NA,0,0,1.01,0.06,0.81,0.15,0.94,0.06,1.11,0.03,NA,NA,yes,-0.31,-0.1,0.13
SPOA0422,SPOA0422,hypothetical protein,NA,Hypothetical,,,NA,,SPO_RS21965,NA,NA,NA,NA,NA,0,0,0.73,0.05,0.92,0.11,0.86,0.03,0.98,0.05,NA,NA,yes,0.33,0.23,0.42
SPOA0367,SPOA0367,"ABC transporter, permease protein",NA,NA,,,NA,,SPO_RS21695,NA,0,0,NA,NA,NA,NA,0.9,0.02,0.98,0.02,0.95,0.03,0.88,0.1,yes,NA,NA,0.12,0.077,-0.032
SPO2894,SPO2894,pH adaption potassium efflux system protein,"multisubunit potassium/proton antiporter, PhaC subunit (TC 2.A.63.1.1)",NA,,,Inorganics,Transport,SPO_RS14685,COG1006,0,0,NA,NA,NA,NA,0.07,0.05,0,0,0.33,0.03,0.22,0.13,yes,NA,NA,-3,2.1,1.5
SPO2897,phaF,pH adaptation potassium efflux system protein PhaF,"multisubunit potassium/proton antiporter, PhaF subunit (TC 2.A.63.1.1)",NA,,,Inorganics,Transport,SPO_RS14700,COG2212,NA,NA,0,0,0,0,0,0,0.06,0.06,0.12,0.12,0.23,0.23,NA,yes,yes,2.8,3.7,4.6
SPO1677,trmU,tRNA (5-methylaminomethyl-2-thiouridylate)-methyltransferase,tRNA (5-methylaminomethyl-2-thiouridylate)-methyltransferase (EC 2.1.1.61),NA,,,translation,,SPO_RS08515,COG0482,NA,NA,NA,NA,0,0,0.43,0.25,0.3,0.19,0.54,0.18,0,0,NA,NA,yes,-0.51,0.32,-5.5
SPO1875,murI,glutamate racemase,NA,NA,,,NA,,SPO_RS09530,NA,NA,NA,NA,NA,0,0,0.82,0.05,1,0.04,0.96,0.02,1.05,0.04,NA,NA,yes,0.28,0.22,0.35
SPO1893,SPO1893,"ribonuclease, Rne/Rng family",RNAse E (EC 3.1.26.12),NA,,,translation,Catabolic,SPO_RS09620,COG1530,NA,NA,NA,NA,0,0,1.13,0.05,1.05,0.05,1.03,0.07,1.04,0.06,NA,NA,yes,-0.1,-0.13,-0.12
SPO2511,SPO2511,"dnaK suppressor protein, putative","transcriptional regulator, TraR/DksA family",NA,,,translation,,SPO_RS12750,COG1734,0,0,NA,NA,0,0,0.09,0.09,0.61,0.07,0.3,0.2,0,0,yes,NA,yes,2.6,1.6,-3.3
SPO3169,clpA,"ATP-dependent Clp protease, ATP-binding subunit ClpA",NA,NA,,,NA,,SPO_RS16055,NA,NA,NA,NA,NA,0,0,0.47,0.02,0.53,0.05,0.49,0.04,0.63,0.03,NA,NA,yes,0.17,0.059,0.42
SPO0219,SPO0219,iojap-related protein,iojap-related protein,NA,,,translation,,SPO_RS01115,COG0799,0,0,NA,NA,NA,NA,0.99,0.02,1.07,0.01,1.02,0.01,1.06,0.02,yes,NA,NA,0.11,0.043,0.098
SPO0253,ilvE,branched-chain amino acid aminotransferase,branched chain amino acid aminotransferase apoenzyme (EC 2.6.1.42),NA,,,"AA,Coenzyme",Amphibolic,SPO_RS01290,COG0115,0,0,0,0,NA,NA,1.14,0.01,1.05,0.01,1.05,0.01,1.02,0,yes,yes,NA,-0.12,-0.12,-0.16
SPO0289,SPO0289,Ser/Thr protein phosphatase family protein,NA,NA,,,NA,,SPO_RS01470,NA,0,0,NA,NA,NA,NA,0.78,0.02,0.94,0.03,0.87,0.04,0.88,0.03,yes,NA,NA,0.27,0.16,0.17
SPO0388,SPO0388,"aminotransferase, class IV",branched-chain amino acid aminotransferase,NA,,,"AA,Coenzyme",Amphibolic,SPO_RS01965,COG0115,0,0,0,0,0,0,1.12,0,1.03,0.02,1.04,0.01,1.03,0.01,yes,yes,yes,-0.12,-0.11,-0.12
SPO0437,SPO0437,cold shock family protein,NA,NA,,,NA,,SPO_RS02210,NA,0,0,NA,NA,NA,NA,0.97,0.02,1.05,0.03,0.98,0.02,1.02,0.02,yes,NA,NA,0.11,0.015,0.072
SPO0955,SPO0955,amidohydrolase domain protein,NA,NA,,,NA,,SPO_RS04795,NA,NA,NA,0,0,NA,NA,1.06,0.01,1.03,0.02,0.98,0.02,1.01,0.02,NA,yes,NA,-0.041,-0.11,-0.069
SPO1004,clpX,"ATP-dependent Clp protease, ATP-binding subunit ClpX",NA,NA,,,NA,,SPO_RS05055,NA,0,0,0,0,NA,NA,0,0,0.43,0.25,0.12,0.12,0.14,0.14,yes,yes,NA,5.5,3.7,3.9
SPO1481,cfa,cyclopropane fatty acyl phospholipid synthase,NA,NA,,,NA,,SPO_RS07545,NA,0,0,NA,NA,NA,NA,0.45,0.17,0.84,0.03,0.86,0.1,0.8,0.07,yes,NA,NA,0.89,0.92,0.82
SPO1496,SPO1496,"ABC transporter, permease protein",NA,NA,,,NA,,SPO_RS07620,NA,NA,NA,0,0,NA,NA,0.75,0.07,1.03,0.02,0.98,0.03,1.04,0.03,NA,yes,NA,0.45,0.38,0.47
SPO0071,SPO0071,"competence protein F, putative",NA,NA,,,NA,,SPO_RS00360,NA,0,0,NA,NA,0,0,1.06,0.02,0.97,0.03,0.99,0.03,0.92,0.04,yes,NA,yes,-0.13,-0.098,-0.2
SPO0256,SPO0256,"copper-binding protein, plastocyanin/azurin family","copper-binding protein, plastocyanin/azurin family",NA,,,Energy,Catabolic,SPO_RS01305,COG3794,NA,NA,0,0,NA,NA,0.96,0.03,1.01,0.02,1.06,0.03,1.01,0.05,NA,yes,NA,0.073,0.14,0.073
SPO0554,SPO0554,"glycosyl transferase, group 1 family protein",NA,NA,,,NA,,SPO_RS02795,NA,NA,NA,0,0,NA,NA,1.12,0.04,1,0.02,1.01,0.01,1.06,0.02,NA,yes,NA,-0.16,-0.15,-0.079
SPO0929,SPO0929,"type II DNA modification methyltransferase, putative","type II DNA modification methyltransferase, putative",NA,,,translation,Catabolic,SPO_RS04675,COG4725,0,0,NA,NA,NA,NA,1.21,0.08,0.83,0.16,1.1,0.06,1.09,0.09,yes,NA,NA,-0.54,-0.14,-0.15
SPO1109,SPO1109,endonuclease/exonuclease/phosphatase family protein,NA,NA,,,NA,,SPO_RS05625,NA,0,0,NA,NA,NA,NA,0.91,0.02,1,0.02,0.96,0.04,0.95,0.02,yes,NA,NA,0.13,0.076,0.061
SPO1172,SPO1172,FMN-dependent alpha-hydroxy acid dehydrogenase family protein,FMN-dependent alpha-hydroxy acid dehydrogenase family protein,NA,,,"Energy,Lipids",Catabolic,SPO_RS05940,COG1304,NA,NA,0,0,NA,NA,1.18,0.05,1.1,0.05,1.01,0.03,1.04,0.03,NA,yes,NA,-0.1,-0.22,-0.18
SPO1293,phaP,"phasin, PhaP",NA,NA,,,NA,,SPO_RS06585,NA,0,0,NA,NA,NA,NA,1.04,0.05,0.94,0.05,0.96,0.05,0.91,0.07,yes,NA,NA,-0.14,-0.11,-0.19
SPO1594,SPO1594,"mandelate racemase/muconate lactonizing enzyme, putative",NA,NA,,,NA,,SPO_RS08110,NA,0,0,0,0,NA,NA,1.26,0.06,1.06,0.09,1.12,0.08,1.11,0.09,yes,yes,NA,-0.25,-0.17,-0.18
SPO1668,SPO1668,"membrane-associated zinc metalloprotease, putative",NA,NA,,,NA,,SPO_RS08475,NA,NA,NA,0,0,NA,NA,1.05,0.05,0.97,0.05,0.93,0,0.93,0.08,NA,yes,NA,-0.11,-0.17,-0.17
SPO2049,SPO2049,radical SAM domain protein,NA,NA,,,NA,,SPO_RS10395,NA,NA,NA,NA,NA,0,0,1.02,0.01,0.92,0.04,0.96,0.01,0.92,0.01,NA,NA,yes,-0.15,-0.087,-0.15
SPO2069,SPO2069,"benzoate-coenzyme A ligase, putative","benzoate-coenzyme A ligase, putative",NA,,,lipids,,SPO_RS10495,COG0318,NA,NA,0,0,NA,NA,1.12,0.03,1,0.03,1,0.02,1.06,0.04,NA,yes,NA,-0.16,-0.16,-0.079
SPO2081,hfq,RNA-binding protein Hfq,NA,NA,,,NA,,SPO_RS10555,NA,0,0,NA,NA,NA,NA,0.67,0.04,0.88,0.04,0.83,0.05,0.75,0.04,yes,NA,NA,0.39,0.3,0.16
SPO2133,SPO2133,"outer membrane protein, putative",NA,NA,,,NA,,SPO_RS10815,NA,0,0,NA,NA,0,0,1.18,0.04,1.04,0.03,1.11,0.03,1.03,0.05,yes,NA,yes,-0.18,-0.087,-0.19
SPO2144,SPO2144,"aminotransferase, classes I and II",hypothetical protein,NA,,,AA,,SPO_RS10870,COG0436,0,0,NA,NA,0,0,1.07,0.05,0.97,0.01,1.01,0.03,0.97,0.02,yes,NA,yes,-0.14,-0.082,-0.14
SPO2287,SPO2287,autoinducer synthesis protein,NA,Antimicrobial/Efflux/Signaling,,,NA,,SPO_RS11595,NA,NA,NA,NA,NA,0,0,1,0.02,1.06,0.02,1.07,0.01,1.09,0.01,NA,NA,yes,0.083,0.097,0.12
SPO2337,SPO2337,decarboxylase family protein,NA,NA,,,NA,,SPO_RS11845,NA,NA,NA,NA,NA,0,0,1.19,0.05,1,0.1,1.05,0.05,1.06,0.02,NA,NA,yes,-0.25,-0.18,-0.17
SPO2341,SPO2341,"methyltransferase, FkbM family",NA,NA,,,NA,,SPO_RS11865,NA,NA,NA,0,0,NA,NA,1.06,0.02,0.9,0.05,0.96,0.01,1.03,0.04,NA,yes,NA,-0.23,-0.14,-0.041
SPO2412,SPO2412,"aldolase, putative","aldolase, putative",NA,,,translation,,SPO_RS12255,COG0684,0,0,NA,NA,0,0,1.19,0.13,0.66,0.33,1.07,0.14,0.61,0.31,yes,NA,yes,-0.84,-0.15,-0.95
SPO2413,SPO2413,"oxidoreductase, short chain dehydrogenase/reductase family","oxidoreductase, short chain dehydrogenase/reductase family",NA,,,lipids,,SPO_RS12260,COG1028,NA,NA,0,0,NA,NA,0.95,0.07,0.74,0.26,1.07,0.05,0.99,0.09,NA,yes,NA,-0.36,0.17,0.059
SPO2608,SPO2608,"aldehyde dehydrogenase, putative","aldehyde dehydrogenase, putative",NA,,,Energy,,SPO_RS13230,COG1012,0,0,NA,NA,NA,NA,0.99,0.03,0.84,0.05,0.97,0.03,0.96,0.02,yes,NA,NA,-0.23,-0.029,-0.044
SPO2662,SPO2662,"aspartate racemase, putative",NA,NA,,,NA,,SPO_RS13505,NA,0,0,NA,NA,NA,NA,0.8,0.04,0.96,0.03,0.88,0.05,0.77,0.14,yes,NA,NA,0.26,0.14,-0.054
SPO2821,SPO2821,isoprenylcysteine carboxyl methyltransferase family protein,NA,NA,,,NA,,SPO_RS14330,NA,0,0,NA,NA,NA,NA,0.94,0.01,1.05,0.05,1.01,0.01,1.03,0.03,yes,NA,NA,0.16,0.1,0.13
SPO2915,SPO2915,acyl-CoA dehydrogenase family protein,acyl-CoA dehydrogenase family protein,NA,,,lipids,Catabolic,SPO_RS14785,COG1960,0,0,NA,NA,0,0,0.82,0.03,0.95,0.01,0.96,0.01,0.92,0.01,yes,NA,yes,0.21,0.22,0.16
SPO2949,SPO2949,endoribonuclease L-PSP family protein,NA,NA,,,NA,,SPO_RS14955,NA,0,0,NA,NA,NA,NA,1.15,0.05,0.88,0.04,1.13,0.03,1.1,0.06,yes,NA,NA,-0.38,-0.025,-0.064
SPO2952,SPO2952,trkA domain protein,trkA domain protein,NA,,,Carbon,,SPO_RS14970,COG0471,0,0,0,0,0,0,0.5,0.05,0.92,0.03,0.7,0.04,0.96,0.04,yes,yes,yes,0.87,0.48,0.93
SPO2958,SPO2958,inositol monophosphatase family protein,inositol monophosphatase family protein,NA,,,Carbon,,SPO_RS15000,COG0483,NA,NA,NA,NA,0,0,0.4,0.08,0.53,0.1,0.55,0.08,0.75,0.03,NA,NA,yes,0.4,0.45,0.89
SPO3115,ruvB,Holliday junction DNA helicase RuvB,NA,NA,,,NA,,SPO_RS15785,NA,0,0,NA,NA,NA,NA,0.46,0.16,0.81,0.05,0.68,0.09,0.78,0.1,yes,NA,NA,0.8,0.55,0.75
SPO3230,SPO3230,"aminotransferase, classes I and II","aminotransferase, classes I and II",NA,,,AA,,SPO_RS16360,COG1167,NA,NA,NA,NA,0,0,1.1,0.01,1.04,0.01,1.03,0.02,1.02,0.02,NA,NA,yes,-0.08,-0.094,-0.11
SPO3296,SPO3296,AMP-binding enzyme,AMP-binding enzyme,NA,,,lipids,,SPO_RS16690,COG1022,NA,NA,0,0,NA,NA,0.87,0.01,0.94,0.02,0.94,0.01,0.95,0.03,NA,yes,NA,0.11,0.11,0.13
SPO3329,SPO3329,globin domain protein,globin domain protein,NA,,,Energy,,SPO_RS16865,COG1017,NA,NA,0,0,NA,NA,0.97,0.03,1.02,0.07,1.05,0.04,0.95,0.01,NA,yes,NA,0.072,0.11,-0.03
SPO3385,SPO3385,"glycosyl transferase, family 25",NA,NA,,,NA,,SPO_RS17145,NA,NA,NA,0,0,NA,NA,1.09,0.01,1.06,0.01,1.01,0.03,1.07,0.01,NA,yes,NA,-0.04,-0.11,-0.026
SPO3498,tuf-2,translation elongation factor Tu,translation elongation factor 1A (EF-1A/EF-Tu),NA,,,translation,Anabolic,SPO_RS17715,COG0050,NA,NA,0,0,NA,NA,0.97,0.01,0.96,0.02,0.89,0.01,1,0.01,NA,yes,NA,-0.015,-0.12,0.044
SPO3604,SPO3604,"D-amino acid aminotransferase, putative","D-amino acid aminotransferase, putative",NA,,,"AA,Coenzyme",Amphibolic,SPO_RS18260,COG0115,0,0,NA,NA,NA,NA,0.85,0.03,0.97,0.01,0.92,0.02,1.01,0.03,yes,NA,NA,0.19,0.11,0.25
SPO3609,linC-2,"2,5-dichloro-2,5-cyclohexadiene-1,4-diol dehydrogenase",short chain dehydrogenase,NA,,,lipids,Catabolic,SPO_RS18290,COG1028,NA,NA,NA,NA,0,0,1.02,0.04,1,0.14,1,0.04,1.16,0.05,NA,NA,yes,-0.028,-0.028,0.18
SPO3806,smpB,SsrA-binding protein,NA,NA,,,NA,,SPO_RS19310,NA,NA,NA,NA,NA,0,0,0.7,0.03,0.86,0.05,0.81,0.03,0.91,0.03,NA,NA,yes,0.29,0.21,0.37
SPO3873,SPO3873,"ATP-dependent DNA helicase, UvrD/Rep family",NA,NA,,,NA,,SPO_RS19655,NA,0,0,NA,NA,0,0,0.71,0.03,0.81,0.03,0.76,0.01,0.86,0.03,yes,NA,yes,0.19,0.097,0.27
SPOA0002,miaB,(dimethylallyl)adenosine tRNA methylthiotransferase,tRNA-i(6)A37 thiotransferase enzyme MiaB,NA,,,translation,,SPO_RS19790,COG0621,0,0,0,0,0,0,1.09,0.03,0.98,0.03,0.99,0.01,0.98,0.04,yes,yes,yes,-0.15,-0.14,-0.15
SPOA0321,SPOA0321,glyoxalase family protein,NA,NA,,,NA,,SPO_RS21445,NA,NA,NA,NA,NA,0,0,1.08,0.04,1.01,0.03,1,0.05,0.95,0.02,NA,NA,yes,-0.096,-0.11,-0.18
SPOA0449,SPOA0449,phytanoyl-CoA dioxygenase,NA,NA,,,NA,,SPO_RS19780,NA,NA,NA,0,0,NA,NA,0.85,0.03,0.82,0.06,0.94,0.01,0.82,0.02,NA,yes,NA,-0.051,0.14,-0.051
SPO0590,hpsR,"transcriptional regulator, LacI family",NA,Regulation,DHPS,,NA,,SPO_RS02975,NA,0,0,NA,NA,NA,NA,0.59,0.14,0.92,0.03,0.77,0.05,0.92,0.03,yes,NA,NA,0.63,0.38,0.63
SPO1690,SPO1690,"transcriptional regulator, GntR family","transcriptional regulator, GntR family",Regulation,,,AA,,SPO_RS08575,COG1167,0,0,NA,NA,0,0,1.1,0.02,0.99,0.02,1.08,0.02,1.02,0.03,yes,NA,yes,-0.15,-0.026,-0.11
SPO2086,ntrY,nitrogen regulation protein ntrY,NA,Regulation,Nitrogen Acquisition,,NA,,SPO_RS10580,NA,0,0,NA,NA,NA,NA,0.75,0.04,0.9,0.04,0.72,0.04,0.8,0.06,yes,NA,NA,0.26,-0.058,0.092
SPO2087,ntrC,nitrogen regulation protein NtrC,NA,Regulation,Nitrogen Acquisition,,NA,,SPO_RS10585,NA,NA,NA,0,0,NA,NA,0.06,0.06,0.31,0.14,0.5,0.06,0.18,0.13,NA,yes,NA,2.2,2.9,1.4
SPO2189,SPO2189,"transcriptional regulator, AsnC family",NA,Regulation,,,NA,,SPO_RS11095,NA,0,0,NA,NA,NA,NA,0.91,0.03,0.98,0.01,0.93,0.04,0.94,0.05,yes,NA,NA,0.11,0.031,0.046
SPO2361,SPO2361,sensor histidine kinase/response regulator,NA,Regulation,,,NA,,SPO_RS11980,NA,NA,NA,0,0,NA,NA,1,0.03,0.9,0.03,0.88,0.02,1,0.03,NA,yes,NA,-0.15,-0.18,0
SPO2753,SPO2753,"diguanylate cyclase, putative/response regulator",NA,Regulation,,,NA,,SPO_RS13985,NA,NA,NA,0,0,NA,NA,0.73,0.06,0.87,0.05,0.93,0.02,0.93,0.04,NA,yes,NA,0.25,0.35,0.35
SPO3684,SPO3684,"transcriptional regulator, LacI family",NA,Regulation,,,NA,,SPO_RS18690,NA,0,0,NA,NA,0,0,0.88,0.01,0.95,0.01,0.89,0.01,0.98,0.01,yes,NA,yes,0.11,0.016,0.15
SPO3867,regB,sensor histidine kinase RegB,NA,Regulation,,,NA,,SPO_RS19625,NA,0,0,0,0,0,0,0.76,0.02,0.87,0.02,0.88,0.02,0.86,0.01,yes,yes,yes,0.19,0.21,0.18
SPOA0252,SPOA0252,LacI family transcription regulator,NA,Regulation,,,NA,,SPO_RS21095,NA,NA,NA,NA,NA,0,0,0.84,0.01,0.81,0.04,0.9,0.04,0.74,0.02,NA,NA,yes,-0.052,0.098,-0.18
SPOA0326,SPOA0326,LysR family transcriptional regulator,NA,Regulation,,,NA,,SPO_RS21470,NA,NA,NA,NA,NA,0,0,1.07,0.04,1.04,0.04,0.96,0.04,0.99,0.02,NA,NA,yes,-0.041,-0.15,-0.11
SPOA0336,SPOA0336,LacI family transcription regulator,NA,Regulation,,,NA,,SPO_RS21540,NA,0,0,NA,NA,0,0,1.28,0.03,0.92,0.01,1.08,0.03,0.93,0.02,yes,NA,yes,-0.47,-0.24,-0.46
