"spo","mean_rpomAlone","lwrCL_rpomAlone","uprCL_rpomAlone","naCount_rpomAlone","mean_vib","lwrCL_vib","uprCL_vib","naCount_vib","mean_mari","lwrCL_mari","uprCL_mari","naCount_mari","mean_CC","lwrCL_CC","uprCL_CC","naCount_CC","gene","funct","NCBI","meanNA","Vib_fold_diff","Mari_fold_diff","CC_fold_diff","Vib_sig","Mari_sig","CC_sig","Group","Category","Subcategory","Metabolism","COG","COG_Category","COG_Name"
"SPO0071",1.055,1.022,1.096,0,0.972,0.924,1.02,0,0.991,0.962,1.026,0,0.92,0.846,0.988,0,"SPO0071","competence protein F, putative","SPO_RS00360",0,-0.117,-0.089,-0.196,"yes",NA,"yes",NA,"","",NA,NA,NA,NA
"SPO0095",0.889,0.841,0.925,0,0.958,0.929,0.992,0,0.958,0.94,0.977,0,0.937,0.892,0.975,0,"pncB","nicotinate phosphoribosyltransferase","SPO_RS00480",0,0.107,0.107,0.075,"yes","yes",NA,"Crossfeeding","Cofactor","NADH","Amphibolic","COG1488","Coenzyme","nicotinate phosphoribosyltransferase"
"SPO0102",0.74,0.695,0.79,0,1.001,0.978,1.024,0,0.992,0.974,1.007,0,1.01,0.968,1.046,0,"panB","3-methyl-2-oxobutanoate hydroxymethyltransferase","SPO_RS00515",0,0.431,0.418,0.444,"yes","yes","yes","Crossfeeding","Cofactor","Vitamin B5","Anabolic","COG0413","Coenzyme","ketopantoate hydroxymethyltransferase (EC 2.1.2.11)"
"SPO0103",0.762,0.704,0.817,0,1.05,0.994,1.099,0,1.032,0.991,1.069,0,1.027,0.972,1.077,0,"panC","pantoate--beta-alanine ligase","SPO_RS00520",0,0.457,0.433,0.426,"yes","yes","yes","Crossfeeding","Cofactor","Vitamin B5","Anabolic","COG0414","Coenzyme","pantothenate synthetase (EC 6.3.2.1)"
"SPO0215",0.19,0.151,0.22,0,0.418,0.373,0.477,0,0.29,0.164,0.375,0,0.332,0.255,0.41,0,"leuD-1","3-isopropylmalate dehydratase, small subunit","SPO_RS01095",0,1.098,0.585,0.774,"yes",NA,"yes","Crossfeeding","Amino Acid","Leucine","Anabolic","COG0066","AA","isopropylmalate isomerase small subunit"
"SPO0219",0.991,0.962,1.02,0,1.07,1.048,1.09,0,1.024,1.007,1.044,0,1.056,1.029,1.083,0,"SPO0219","iojap-related protein","SPO_RS01115",0,0.11,0.047,0.091,"yes",NA,NA,"Altered environment","Cell Cycle/Growth","Transcription/Ribosome","Anabolic","COG0799","translation","iojap-related protein"
"SPO0253",1.142,1.13,1.157,0,1.051,1.034,1.071,0,1.048,1.03,1.066,0,1.022,1.016,1.029,0,"ilvE","branched-chain amino acid aminotransferase","SPO_RS01290",0,-0.119,-0.123,-0.159,"yes","yes","yes",NA,"","","Amphibolic","COG0115","AA, Coenzyme","branched chain amino acid aminotransferase apoenzyme (EC 2.6.1.42)"
"SPO0289",0.782,0.735,0.827,0,0.937,0.897,0.979,0,0.87,0.818,0.924,0,0.884,0.833,0.93,0,"SPO0289","Ser/Thr protein phosphatase family protein","SPO_RS01470",0,0.258,0.152,0.175,"yes",NA,"yes","Regulation/Signaling","","",NA,NA,NA,NA
"SPO0291",0.727,0.705,0.751,0,0.821,0.789,0.858,0,0.755,0.68,0.813,0,0.812,0.794,0.832,0,"SPO0291","molybdenum cofactor biosynthesis protein B","SPO_RS01480",0,0.173,0.054,0.157,"yes",NA,"yes","Crossfeeding","Cofactor","Molybdopterin","Anabolic","COG0521","Coenzyme","molybdenum cofactor biosynthesis protein B"
"SPO0306",0.837,0.788,0.882,0,0.957,0.918,0.99,0,0.885,0.843,0.923,0,0.964,0.906,1.012,0,"fdhD","formate dehydrogenase accessory protein FdhD","SPO_RS01560",0,0.191,0.08,0.202,"yes",NA,"yes","Central Metabolism","Catabolism","C1 metabolism","Catabolic","COG1526","Energy","formate dehydrogenase accessory protein FdhD"
"SPO0322",1.146,1.114,1.178,0,1.036,1.009,1.065,0,1,0.956,1.043,0,1.02,0.831,1.175,0,"SPO0322","hypothetical protein","SPO_RS22380",0,-0.144,-0.195,-0.166,"yes","yes",NA,"Hypothetical","","",NA,NA,NA,NA
"SPO0323",1.041,1.018,1.072,0,0.96,0.93,0.991,0,0.966,0.954,0.978,0,0.945,0.91,0.981,0,"SPO0323","hypothetical protein","SPO_RS01645",0,-0.116,-0.107,-0.138,"yes","yes","yes","Hypothetical","","",NA,NA,NA,NA
"SPO0325",0.635,0.491,0.776,0,1.022,0.926,1.123,0,0.939,0.841,1.042,0,0.964,0.844,1.08,0,"phbB","acetoacetyl-CoA reductase","SPO_RS01655",0,0.678,0.557,0.595,"yes","yes","yes","Central Metabolism","Carbon Storage","Polyhydroxyalkanoate","Anabolic","COG1028","lipids","3-oxoacyl-[acyl-carrier-protein] reductase (EC 1.1.1.100)/acetoacetyl-CoA reductase (EC 1.1.1.36)"
"SPO0344a",0.492,0.395,0.589,0,0.829,0.746,0.913,0,0.73,0.683,0.787,0,0.899,0.833,0.979,0,"SPO0344a","hypothetical protein","SPO_RS01750",0,0.741,0.56,0.857,"yes","yes","yes","Hypothetical","","",NA,NA,NA,NA
"SPO0356",1.02,0.993,1.041,0,0.946,0.908,0.986,0,0.995,0.976,1.01,0,1.004,0.982,1.028,0,"SPO0356","hypothetical protein","SPO_RS01810",0,-0.108,-0.035,-0.023,"yes",NA,NA,"Hypothetical","","",NA,NA,NA,NA
"SPO0366",0.886,0.874,0.902,0,1.023,1.015,1.032,0,0.971,0.955,0.986,0,1.005,0.995,1.014,0,"deoD","purine nucleoside phosphorylase","SPO_RS01855",0,0.205,0.131,0.18,"yes","yes","yes","Crossfeeding","Nucleotide","Purine","Amphibolic","COG0813","nucleotide","purine-nucleoside phosphorylase (EC 2.4.2.1)"
"SPO0386",0.329,0.207,0.422,0,0.663,0.512,0.823,0,0.529,0.433,0.614,0,0.821,0.763,0.873,0,"SPO0386","universal stress family protein","SPO_RS01955",0,0.989,0.669,1.294,"yes","yes","yes","Altered environment","Stress","environmental stress",NA,NA,NA,NA
"SPO0388",1.117,1.101,1.132,0,1.03,1.004,1.061,0,1.033,1.02,1.046,0,1.029,1.011,1.05,0,"SPO0388","aminotransferase, class IV","SPO_RS01965",0,-0.116,-0.112,-0.117,"yes","yes","yes",NA,"","","Anabolic","COG0115","AA, Coenzyme","branched-chain amino acid aminotransferase"
"SPO0397",0.89,0.778,1.02,0,0.213,0,0.644,0,0.595,0.417,0.731,0,0,0,0,0,"glnD","protein-P-II uridylyltransferase","SPO_RS02010",0,-2.013,-0.573,-6.492,"yes","yes","yes","Competition","Nitrogen acquisition","Regulation",NA,NA,NA,NA
"SPO0410",0.656,0.582,0.733,0,0.873,0.834,0.916,0,0.743,0.696,0.794,0,0.807,0.759,0.86,0,"SPO0410","molybdopterin biosynthesis protein MoeB, putative","SPO_RS02075",0,0.407,0.177,0.295,"yes",NA,"yes","Crossfeeding","Cofactor","Molybdopterin","Anabolic","COG0476","Coenzyme","molybdopterin biosynthesis protein MoeB, putative"
"SPO0415",0.995,0.969,1.024,0,0.915,0.872,0.949,0,1.015,0.997,1.032,0,1.003,0.974,1.042,0,"SPO0415","D-isomer specific 2-hydroxyacid dehydrogenase family protein","SPO_RS02100",0,-0.12,0.028,0.011,"yes",NA,NA,"Central Metabolism","Catabolism","Glycolate/Glycerate","Catabolic","COG0111","Coenzyme","D-isomer specific 2-hydroxyacid dehydrogenase family protein"
"SPO0422",0.382,0.286,0.451,0,0.584,0.544,0.615,0,0.578,0.508,0.642,0,0.568,0.487,0.646,0,"leuA","2-isopropylmalate synthase","SPO_RS02135",0,0.6,0.585,0.56,"yes","yes","yes","Crossfeeding","Amino Acid","Leucine","Anabolic","COG0119","AA","2-isopropylmalate synthase (EC 2.3.3.13)"
"SPO0446",0.798,0.761,0.834,0,0.929,0.906,0.955,0,0.95,0.926,0.975,0,0.93,0.89,0.967,0,"SPO0446","ABC transporter, ATP-binding protein","SPO_RS02255",0,0.217,0.249,0.218,"yes","yes","yes",NA,"","",NA,NA,NA,NA
"SPO0503",0.627,0.583,0.67,0,0.804,0.756,0.853,0,0.737,0.681,0.792,0,0.791,0.748,0.837,0,"rpmD","ribosomal protein L30","SPO_RS02540",0,0.354,0.23,0.331,"yes","yes","yes","Altered environment","Cell Cycle/Growth","Transcription/Ribosome","Anabolic","COG1841","translation","LSU ribosomal protein L30P"
"SPO0521",0.906,0.853,0.952,0,1.035,1.004,1.066,0,0.989,0.964,1.014,0,1.063,1.029,1.096,0,"SPO0521","glutamate/glutamine/aspartate/asparagine ABC transporter, permease protein","SPO_RS02630",0,0.19,0.125,0.228,"yes","yes","yes","Competition","Transporter, primary","Amino acid, N-rich","Transport","COG0765","AA","L-glutamate ABC transporter membrane protein/L-glutamine ABC transporter membrane protein/L-aspartate ABC transporter membrane protein/L-asparagine ABC transporter membrane protein"
"SPO0522",0.943,0.897,0.989,0,1.055,1.015,1.094,0,0.985,0.955,1.019,0,1.037,1.003,1.075,0,"SPO0522","glutamate/glutamine/aspartate/asparagine ABC transporter, ATP-binding protein","SPO_RS02635",0,0.16,0.062,0.136,"yes",NA,"yes","Competition","Transporter, primary","Amino acid, N-rich","Transport","COG1126","AA","L-glutamate ABC transporter ATP-binding protein/L-glutamine ABC transporter ATP-binding protein/L-aspartate ABC transporter ATP-binding protein/L-asparagine ABC transporter ATP-binding protein"
"SPO0554",1.123,1.076,1.178,0,0.992,0.939,1.05,0,1.011,0.962,1.054,0,1.066,1.031,1.106,0,"SPO0554","glycosyl transferase, group 1 family protein","SPO_RS02795",0,-0.177,-0.15,-0.074,"yes","yes",NA,NA,"","",NA,NA,NA,NA
"SPO0590",0.601,0.299,0.815,0,0.924,0.864,0.983,0,0.771,0.705,0.834,0,0.924,0.875,0.974,0,"hpsR","transcriptional regulator, LacI family","SPO_RS02975",0,0.612,0.354,0.612,"yes",NA,"yes","Regulation/Signaling","","",NA,NA,NA,NA
"SPO0605",1.043,1,1.081,0,0.94,0.891,0.99,0,0.978,0.941,1.01,0,1.006,0.966,1.047,0,"SPO0605","transcriptional regulator, MarR family","SPO_RS22110",0,-0.149,-0.092,-0.052,"yes",NA,NA,"Regulation/Signaling","","",NA,NA,NA,NA
"SPO0673",0.978,0.939,1.019,0,0.853,0.775,0.936,0,0.844,0.802,0.887,0,0.909,0.87,0.95,0,"tpa","taurine--pyruvate aminotransferase","SPO_RS03400",0,-0.195,-0.21,-0.104,"yes","yes",NA,"Central Metabolism","Catabolism","Taurine","Catabolic","COG0161","Coenzyme","taurine--pyruvate aminotransferase"
"SPO0711",0.884,0.85,0.917,0,1.049,1.028,1.07,0,1.029,0.988,1.066,0,1.028,0.976,1.083,0,"chvG","sensor histidine kinase ChvG","SPO_RS03590",0,0.244,0.217,0.215,"yes","yes","yes","Regulation/Signaling","","",NA,NA,NA,NA
"SPO0715",0.317,0.088,0.547,0,0.831,0.638,0.998,0,0.769,0.632,0.898,0,0.7,0.239,1.057,0,"SPO0715","phosphocarrier protein HPr","SPO_RS03610",0,1.363,1.252,1.119,"yes","yes",NA,NA,"Transporter, phosphotransferase","Sugar","Transport","COG1925","Carbon","phosphocarrier protein HPr"
"SPO0752",1.047,0.919,1.177,0,0.666,0.556,0.779,0,0.903,0.782,1.017,0,0.961,0.887,1.022,0,"SPO0752","phenylacetic acid degradation protein, putative","SPO_RS03795",0,-0.645,-0.211,-0.122,"yes",NA,NA,"Central Metabolism","Catabolism","Phenyacetic acid",NA,NA,NA,NA
"SPO0783",0.798,0.729,0.866,0,0.945,0.887,0.994,0,0.854,0.801,0.91,0,0.868,0.768,0.973,0,"phnE-2","phosphonate ABC transporter, permease protein","SPO_RS03950",0,0.241,0.097,0.12,"yes",NA,NA,NA,"Phosphorus acquisition","Phosphorus","Transport","COG3639","Inorganics","phosphonate ABC transporter, permease protein"
"SPO0801",0.98,0.928,1.034,0,0.834,0.781,0.886,0,0.951,0.881,1.022,0,0.941,0.899,0.988,0,"fadD","4-coumarate:CoA ligase","SPO_RS04040",0,-0.23,-0.043,-0.058,"yes",NA,NA,"Central Metabolism","Catabolism","Aromatic compound","Anabolic","COG0318","lipids","4-coumarate:CoA ligase"
"SPO0875",0.633,0.563,0.692,0,0.753,0.696,0.806,0,0.671,0.599,0.717,0,0.829,0.799,0.867,0,"gap-2","glyceraldehyde-3-phosphate dehydrogenase, type I","SPO_RS04410",0,0.247,0.083,0.384,"yes",NA,"yes","Altered environment","Metabolism","Glycolysis/Gluconeogenesis","Amphibolic","COG0057","Carbon","glyceraldehyde-3-phosphate dehydrogenase, type I"
"SPO0894",1.102,1.027,1.177,0,0.922,0.849,1,0,1.046,0.998,1.09,0,0.993,0.9,1.072,0,"SPO0894","hypothetical protein","SPO_RS04505",0,-0.255,-0.075,-0.149,"yes",NA,NA,"Hypothetical","","",NA,NA,NA,NA
"SPO0911",0.38,0.308,0.455,0,0.593,0.484,0.691,0,0.482,0.326,0.644,0,0.356,0.093,0.622,0,"proC","pyrroline-5-carboxylate reductase","SPO_RS04590",0,0.629,0.335,-0.092,"yes",NA,NA,"Crossfeeding","Amino Acid","Proline","Anabolic","COG0345","AA","pyrroline-5-carboxylate reductase"
"SPO0916",0.862,0.762,0.943,0,0.996,0.948,1.045,0,0.951,0.914,0.993,0,0.926,0.858,0.985,0,"SPO0916","hypothetical protein","SPO_RS04615",0,0.206,0.14,0.102,"yes",NA,NA,"Hypothetical","","",NA,NA,NA,NA
"SPO0923",0.998,0.862,1.088,4424,0.647,0.624,0.717,3182,0.701,0.512,0.85,4281,0.766,0.63,0.88,4404,"carB","carbamoyl-phosphate synthase, large subunit","SPO_RS04650",4072.75,-0.618,-0.504,-0.377,"yes","yes",NA,"Competition","Nitrogen acquisition","Urea cycle","Anabolic","COG0458","AA, nucleotide","carbamoyl-phosphate synthase large subunit"
"SPO0983",0.815,0.754,0.877,0,0.943,0.906,0.973,0,0.917,0.882,0.96,0,0.962,0.927,0.991,0,"lepA","GTP-binding protein LepA","SPO_RS04950",0,0.208,0.168,0.237,"yes","yes","yes","Altered environment","Cell Cycle/Growth","Transcription/Ribosome","Anabolic","COG0481","translation","GTP-binding protein LepA"
"SPO0998",0.934,0.906,0.966,0,1.026,0.971,1.077,0,0.945,0.898,0.992,0,0.948,0.888,1.013,0,"soxC","sulfur oxidation molybdopterin C protein","SPO_RS05025",0,0.134,0.017,0.021,"yes",NA,NA,"Central Metabolism","Inorganic oxidation","Sulfide/Thiosulfate","Catabolic","COG2041","Energy","sulfur dehydrogenase subunit SoxC (EC 1.-.-.-)"
"SPO1005",0.961,0.922,0.997,0,1.046,1.012,1.077,0,0.979,0.92,1.037,0,1.003,0.954,1.047,0,"SPO1005","endoribonuclease L-PSP family protein","",0,0.121,0.026,0.061,"yes",NA,NA,NA,"","",NA,NA,NA,NA
"SPO1042",0.84,0.748,0.929,0,1.088,1.027,1.168,0,0.899,0.813,0.975,0,0.977,0.893,1.058,0,"SPO1042","hypothetical protein","SPO_RS05250",0,0.369,0.097,0.216,"yes",NA,NA,"Hypothetical","","",NA,NA,NA,NA
"SPO1094a",1.065,1.031,1.099,0,0.985,0.952,1.018,0,1.019,0.982,1.053,0,1.004,0.968,1.04,0,"SPO1094a","hypothetical protein","SPO_RS05555",0,-0.112,-0.063,-0.084,"yes",NA,NA,"Hypothetical","","",NA,NA,NA,NA
"SPO1109",0.91,0.874,0.947,0,0.995,0.954,1.03,0,0.959,0.887,1.029,0,0.947,0.907,0.986,0,"SPO1109","endonuclease/exonuclease/phosphatase family protein","SPO_RS05625",0,0.127,0.075,0.057,"yes",NA,NA,NA,"","",NA,NA,NA,NA
"SPO1127",0.978,0.829,1.099,0,0.654,0.474,0.825,0,0.996,0.881,1.093,0,0.901,0.663,1.071,0,"SPO1127","cytochrome c family protein","SPO_RS05720",0,-0.573,0.026,-0.117,"yes",NA,NA,"Altered environment","Energy","Low O2 Respiration",NA,NA,NA,NA
"SPO1135",1.104,1.066,1.146,0,0.999,0.946,1.061,0,0.945,0.877,1.026,0,1.07,0.989,1.159,0,"SPO1135","hypothetical protein","SPO_RS05760",0,-0.143,-0.222,-0.045,"yes","yes",NA,"Hypothetical","","",NA,NA,NA,NA
"SPO1152",1.091,1.044,1.135,0,0.97,0.931,1.007,0,0.984,0.92,1.045,0,0.991,0.917,1.076,0,"SPO1152","twin-arginine translocation pathway signal sequence domain protein, putative","SPO_RS05840",0,-0.168,-0.147,-0.137,"yes",NA,NA,"Regulation/Signaling","","",NA,NA,NA,NA
"SPO1171",1.065,1.039,1.089,0,0.989,0.947,1.024,0,0.973,0.953,0.99,0,0.989,0.959,1.015,0,"pyc","pyruvate carboxylase","SPO_RS05935",0,-0.106,-0.129,-0.106,"yes","yes","yes","Altered environment","Metabolism","TCA","Anabolic","COG1038","Energy","pyruvate carboxylase"
"SPO1231",0.896,0.866,0.929,0,0.965,0.933,1,0,0.937,0.887,0.98,0,0.948,0.925,0.969,0,"SPO1231","hypothetical protein","SPO_RS06260",0,0.106,0.064,0.081,"yes",NA,NA,"Hypothetical","","",NA,NA,NA,NA
"SPO1240",0.446,0.251,0.628,0,0.833,0.711,0.957,0,0.585,0.526,0.644,0,0.827,0.745,0.906,0,"SPO1240","type I secretion outer membrane protein, TolC family","SPO_RS06315",0,0.886,0.384,0.876,"yes",NA,"yes","Antimicrobial/Efflux","","",NA,NA,NA,NA
"SPO1277",1.042,1.01,1.072,0,0.96,0.915,1.004,0,1.005,0.96,1.043,0,1.007,0.975,1.037,0,"SPO1277","hypothetical protein","SPO_RS06505",0,-0.117,-0.052,-0.049,"yes",NA,NA,"Hypothetical","","",NA,NA,NA,NA
"SPO1294",1.026,0.972,1.071,0,0.809,0.758,0.853,0,0.87,0.822,0.911,0,0.863,0.789,0.938,0,"SPO1294","polyhydroxyalkanoate synthesis repressor PhaR","SPO_RS06590",0,-0.339,-0.235,-0.247,"yes","yes","yes","Competition","Storage, carbon","Polyhydroxyalkanoate",NA,NA,NA,NA
"SPO1330",0.258,0,0.535,0,0.762,0.658,0.867,0,0.218,0,0.662,0,0.82,0.689,0.941,0,"hflC","HflC protein","SPO_RS06780",0,1.526,-0.233,1.631,"yes",NA,"yes","Regulation/Signaling","","",NA,NA,NA,NA
"SPO1344",0.095,0,0.372,3136,0.995,0.699,1.283,169,0.504,0,0.824,1611,0.459,0,0.905,2282,"xseA","exodeoxyribonuclease VII, large subunit","SPO_RS06850",1799.5,3.259,2.291,2.159,"yes",NA,NA,"Central Metabolism","Catabolism","DNA",NA,NA,NA,NA
"SPO1383",0.619,0.565,0.673,0,0.833,0.806,0.867,0,0.783,0.721,0.843,0,0.898,0.883,0.913,0,"ctaD","cytochrome c oxidase, aa3-type, subunit I","SPO_RS07060",0,0.422,0.334,0.53,"yes","yes","yes","Altered environment","Energy","Aerobic Respiration","Catabolic","COG0843","Energy","cytochrome c oxidase, aa3-type, subunit I"
"SPO1443",0.708,0.666,0.753,0,0.953,0.891,1.017,0,0.905,0.862,0.947,0,0.933,0.872,0.985,0,"rhlE","ATP-dependent RNA helicase RhlE","SPO_RS07355",0,0.424,0.35,0.393,"yes","yes","yes","Altered environment","Cell Cycle/Growth","Transcription/Ribosome",NA,NA,NA,NA
"SPO1461",0.993,0.922,1.054,0,0.834,0.774,0.883,0,0.918,0.841,1.004,0,0.967,0.921,1.023,0,"SPO1461","hypothetical protein","SPO_RS07445",0,-0.249,-0.112,-0.038,"yes",NA,NA,"Hypothetical","","",NA,"COG4126","AA","hypothetical protein"
"SPO1480",0.315,0,0.845,2298,1.217,0.989,1.489,16,0.855,0,1.241,634,0.714,0,1,954,"SPO1480","short chain dehydrogenase","SPO_RS07540",975.5,1.917,1.412,1.156,"yes",NA,NA,"Central Metabolism","Catabolism","Fatty Acid",NA,NA,NA,NA
"SPO1496",0.75,0.651,0.85,0,1.034,0.982,1.099,0,0.975,0.932,1.033,0,1.044,0.975,1.119,0,"SPO1496","ABC transporter, permease protein","SPO_RS07620",0,0.458,0.374,0.472,"yes","yes","yes",NA,"","",NA,NA,NA,NA
"SPO1519",1.07,1.014,1.129,0,0.947,0.915,0.981,0,1,0.942,1.05,0,0.912,0.867,0.961,0,"coxL-1","carbon monoxide dehydrogenase, large subunit","SPO_RS07730",0,-0.174,-0.097,-0.228,"yes",NA,"yes","Competition","Carbon source","Carbon monoxide","Catabolic","COG1529","Energy","xanthine dehydrogenase, molybdenum binding subunit apoprotein (EC 1.17.1.4)"
"SPO1526",1.38,1.224,1.522,3197,1.016,0.902,1.124,4347,1.133,0.973,1.276,3119,0.991,0.744,1.164,4316,"SPO1526","efflux transporter, RND family, MFP subunit","SPO_RS07765",3744.75,-0.438,-0.282,-0.474,"yes",NA,"yes","Antimicrobial/Efflux","","",NA,NA,NA,NA
"SPO1699",0.934,0.849,1,0,1.129,1.044,1.191,0,1.15,1.003,1.243,0,1.088,0.983,1.195,0,"SPO1699","MmgE/PrpD family protein","SPO_RS08620",0,0.271,0.297,0.218,"yes","yes",NA,NA,"","","","COG2079","Carbon","MmgE/PrpD family protein"
"SPO1707a",0.701,0.495,0.909,0,0.984,0.915,1.07,0,0.928,0.808,1.056,0,0.957,0.89,1.03,0,"SPO1707a","branched-chain amino acid ABC transporter, ATP-binding protein, putative","SPO_RS08685",0,0.483,0.4,0.444,"yes",NA,NA,NA,"Transporter, primary","Branched chanin amino acid",NA,NA,NA,NA
"SPO1723",1.261,1.229,1.3,0,1.023,0.972,1.072,0,1.036,0.977,1.089,0,1.072,1.048,1.104,0,"uxuA","mannonate dehydratase","SPO_RS08770",0,-0.299,-0.281,-0.232,"yes","yes","yes","Competition","Carbon source","Fructuronate","Catabolic","COG1312","Carbon","D-mannonate dehydratase (EC 4.2.1.8)"
"SPO1814",1.163,1.113,1.212,0,1,0.941,1.061,0,1.009,0.96,1.06,0,1.025,0.978,1.074,0,"SPO1814","TRAP dicarboxylate transporter, DctP subunit, putative","SPO_RS09230",0,-0.216,-0.203,-0.181,"yes","yes","yes","Competition","Transporter, secondary","Organic acid","Transport","COG1638","Carbon","TRAP dicarboxylate transporter, DctP subunit, putative"
"SPO1816",1.089,1.072,1.104,0,0.967,0.923,1.012,0,0.969,0.945,0.995,0,0.966,0.935,0.997,0,"SPO1816","TRAP dicarboxylate transporter, DctM subunit, putative","SPO_RS09240",0,-0.17,-0.167,-0.171,"yes","yes","yes","Competition","Transporter, secondary","Organic acid","Transport","COG1593","Carbon","TRAP dicarboxylate transporter, DctM subunit, putative"
"SPO1862",0.908,0.867,0.965,0,1.075,1.022,1.136,0,0.937,0.839,1.021,0,0.983,0.926,1.045,0,"SPO1862","metFprotein-like protein","SPO_RS09465",0,0.241,0.045,0.113,"yes",NA,NA,"Central Metabolism","Catabolism","C1 metabolism","Anabolic","COG0685","AA","metFprotein, homolog"
"SPO1863",0.336,0.11,0.497,0,0.7,0.532,0.809,0,0.403,0.346,0.45,0,0.692,0.515,0.817,0,"SPO1863","pterin binding component of split MetH","SPO_RS09470",0,1.037,0.255,1.021,"yes",NA,"yes","Crossfeeding","Amino Acid","Methionine",NA,NA,NA,NA
"SPO1870",0.047,0,0.123,0,0.412,0.284,0.541,0,0.259,0.079,0.388,0,0.504,0.432,0.566,0,"purL","phosphoribosylformylglycinamidine synthase II","SPO_RS09505",0,2.888,2.239,3.173,"yes",NA,"yes","Crossfeeding","Nucleotide","Purine","Anabolic","COG0046","nucleotide","phosphoribosylformylglycinamidine synthase subunit II (EC 6.3.5.3)"
"SPO1875",0.821,0.739,0.916,0,1,0.931,1.069,0,0.963,0.91,1.01,0,1.05,0.989,1.104,0,"murI","glutamate racemase","SPO_RS09530",0,0.281,0.228,0.351,"yes",NA,"yes",NA,"","",NA,NA,NA,NA
"SPO1921",0.446,0.144,0.698,0,1.036,0.989,1.077,0,0.846,0.781,0.917,0,0.77,0.464,0.946,0,"SPO1921","pyridoxal-phosphate dependent enzyme","SPO_RS09750",0,1.198,0.909,0.774,"yes","yes",NA,"Crossfeeding","Amino Acid","Cysteine","Anabolic","COG0031","AA","pyridoxal-phosphate dependent enzyme"
"SPO1963",0.793,0.684,0.9,0,1.018,0.958,1.076,0,0.994,0.891,1.085,0,0.993,0.914,1.075,0,"SPO1963","phosphoglycerate mutase family protein","SPO_RS09965",0,0.356,0.322,0.321,"yes",NA,"yes","Altered environment","Metabolism","Glycolysis/Gluconeogenesis","Amphibolic","COG0406","Carbon","phosphoglycerate mutase family protein"
"SPO2049",1.015,1.001,1.031,0,0.926,0.858,0.997,0,0.962,0.934,0.985,0,0.927,0.906,0.951,0,"SPO2049","radical SAM domain protein","SPO_RS10395",0,-0.131,-0.077,-0.13,"yes",NA,"yes",NA,"","",NA,NA,NA,NA
"SPO2057",1.03,0.989,1.069,0,0.876,0.81,0.943,0,0.953,0.907,0.999,0,1,0.911,1.084,0,"SPO2057","hypothetical protein","SPO_RS10435",0,-0.231,-0.111,-0.042,"yes",NA,NA,"Hypothetical","","",NA,NA,NA,NA
"SPO2081",0.67,0.593,0.755,0,0.875,0.799,0.958,0,0.836,0.743,0.934,0,0.753,0.652,0.854,0,"hfq","RNA-binding protein Hfq","SPO_RS10555",0,0.38,0.315,0.166,"yes",NA,NA,"Altered environment","Cell Cycle/Growth","Transcription/Ribosome",NA,NA,NA,NA
"SPO2086",0.751,0.688,0.815,0,0.903,0.848,0.962,0,0.723,0.663,0.799,0,0.802,0.693,0.894,0,"ntrY","nitrogen regulation protein ntrY","SPO_RS10580",0,0.263,-0.054,0.094,"yes",NA,NA,"Regulation/Signaling","","",NA,NA,NA,NA
"SPO2133",1.178,1.133,1.226,0,1.046,0.968,1.114,0,1.112,1.076,1.147,0,1.027,0.939,1.111,0,"SPO2133","outer membrane protein, putative","SPO_RS10815",0,-0.17,-0.082,-0.196,"yes",NA,"yes",NA,"","",NA,NA,NA,NA
"SPO2136",0.946,0.909,0.979,0,1.037,1.009,1.066,0,1.014,0.998,1.029,0,1.037,1.027,1.047,0,"nrdJ","ribonucleoside-diphosphate reductase, adenosylcobalamin-dependent","SPO_RS10830",0,0.131,0.099,0.131,"yes",NA,"yes","Crossfeeding","Nucleotide","B12",NA,NA,NA,NA
"SPO2168",0.222,0,0.452,0,0.641,0.543,0.715,0,0.265,0,0.533,0,0.488,0.292,0.648,0,"purN","phosphoribosylglycinamide formyltransferase","SPO_RS10990",0,1.489,0.245,1.102,"yes",NA,NA,"Crossfeeding","Nucleotide","Purine","Anabolic","COG0299","nucleotide","formyltetrahydrofolate-dependent phosphoribosylglycinamide formyltransferase (EC 2.1.2.2)"
"SPO2228",1.207,1.149,1.271,0,1.091,1.034,1.147,0,1.135,1.096,1.173,0,1.053,0.93,1.156,0,"SPO2228","AhpC/TSA family protein","SPO_RS11300",0,-0.145,-0.088,-0.195,"yes",NA,NA,"Altered environment","Stress ROS","peroxide protection",NA,NA,NA,NA
"SPO2286",0.969,0.935,0.994,0,1.049,1.012,1.101,0,1.024,0.986,1.059,0,1.062,1.028,1.099,0,"luxR-2","autoinducer-binding transcriptional regulator LuxR","SPO_RS11590",0,0.113,0.079,0.131,"yes",NA,"yes","Regulation/Signaling","","",NA,NA,NA,NA
"SPO2334",1.045,1.017,1.078,0,0.96,0.908,0.998,0,0.938,0.909,0.963,0,1.04,0.957,1.11,0,"SPO2334","CAAX amino terminal protease family protein","SPO_RS11830",0,-0.121,-0.154,-0.007,"yes","yes",NA,NA,"","",NA,NA,NA,NA
"SPO2340",0.166,0,0.359,0,0.551,0.504,0.598,0,0.45,0.326,0.56,0,0.728,0.624,0.824,0,"sodB","superoxide dismutase, Fe","SPO_RS11860",0,1.672,1.386,2.068,"yes",NA,"yes","Altered environment","Stress ROS","superoxide protection","","COG0605","Inorganics","superoxide dismutase, Fe"
"SPO2341",1.061,1.024,1.096,0,0.897,0.83,0.991,0,0.957,0.907,1.007,0,1.035,0.936,1.131,0,"SPO2341","methyltransferase, FkbM family","SPO_RS11865",0,-0.24,-0.147,-0.035,"yes","yes",NA,NA,"","",NA,NA,NA,NA
"SPO2355",0.499,0.42,0.579,0,0.928,0.849,1.012,0,0.713,0.605,0.787,0,0.868,0.814,0.918,0,"iseR","Isethionate dissimilation regulator","SPO_RS11950",0,0.882,0.506,0.787,"yes","yes","yes","Regulation/Signaling","","",NA,NA,NA,NA
"SPO2359",0.592,0.36,0.803,0,0.861,0.814,0.915,0,0.715,0.567,0.836,0,0.848,0.775,0.926,0,"iseJ","Isethionate dehydrogenase","SPO_RS11970",0,0.533,0.268,0.511,"yes",NA,NA,"Central Metabolism","Catabolism","Isethionate","Catabolic","COG2303","lipids","oxidoreductase, GMC family"
"SPO2361",0.994,0.958,1.031,0,0.897,0.853,0.947,0,0.883,0.849,0.915,0,1.001,0.934,1.07,0,"SPO2361","sensor histidine kinase/response regulator","SPO_RS11980",0,-0.147,-0.169,0.01,"yes","yes",NA,"Regulation/Signaling","","",NA,NA,NA,NA
"SPO2511",0.108,0,0.323,0,0.613,0.479,0.764,0,0.288,0,0.591,0,0,0,0,0,"SPO2511","dnaK suppressor protein, putative","SPO_RS12750",0,2.4,1.337,-3.561,"yes",NA,NA,NA,"","","Anabolic","COG1734","translation","transcriptional regulator, TraR/DksA family"
"SPO2578",0.01,0,0.031,0,0.223,0.078,0.333,0,0.068,0,0.204,0,0.117,0,0.251,0,"ilvB","acetolactate synthase, large subunit, biosynthetic type","SPO_RS13080",0,3.542,1.963,2.667,"yes",NA,NA,"Crossfeeding","Amino Acid","Isoleucine","Anabolic","COG0028","AA, Coenzyme","acetolactate synthase, large subunit (EC 2.2.1.6)"
"SPO2630",1.196,1.145,1.245,0,0.998,0.936,1.054,0,1.073,0.981,1.136,0,1.072,1.037,1.106,0,"SPO2630","C4-dicarboxylate transport sensor protein","SPO_RS13340",0,-0.259,-0.155,-0.157,"yes","yes","yes","Competition","Transporter, secondary","Organic acid",NA,NA,NA,NA
"SPO2635",0,0,0,0,0.795,0.625,0.962,0,0.14,0,0.432,0,0.535,0.178,0.815,0,"cysH","phosophoadenylyl-sulfate reductase","SPO_RS13365",0,6.331,3.907,5.768,"yes",NA,"yes","Crossfeeding","Sulfur Metabolism","Reduced sulfur","Anabolic","COG0175","AA, Coenzyme","phosphoadenylylsulfate reductase (thioredoxin) (EC 1.8.4.8)"
"SPO2677",0.279,0.105,0.409,0,0.635,0.56,0.709,0,0.366,0.3,0.43,0,0.569,0.39,0.748,0,"purF","amidophosphoribosyltransferase","SPO_RS13580",0,1.158,0.38,1.002,"yes",NA,NA,"Crossfeeding","Nucleotide","Purine","Anabolic","COG0034","nucleotide","amidophosphoribosyltransferase (EC 2.4.2.14)"
"SPO2738",1.14,1.032,1.231,0,0.507,0,1.008,0,1.049,0.948,1.149,0,1.069,0.956,1.173,0,"SPO2738","lipoprotein, putative","SPO_RS13910",0,-1.153,-0.119,-0.092,"yes",NA,NA,NA,"","",NA,NA,NA,NA
"SPO2793",0.99,0.936,1.043,0,1.102,1.045,1.171,0,1.03,1.005,1.055,0,1.064,1.01,1.136,0,"ivD","isovaleryl-CoA dehydrogenase","SPO_RS14190",0,0.153,0.057,0.103,"yes",NA,NA,"Central Metabolism","Amino Acid","Leucine","Catabolic","COG1960","lipids","isovaleryl-CoA dehydrogenase (EC 1.3.99.10)"
"SPO2815",1.074,1.061,1.084,0,0.993,0.947,1.024,0,1.049,1.022,1.078,0,1.007,0.941,1.06,0,"SPO2815","peptide/nickel/opine uptake family ABC transporter, permease protein","SPO_RS14300",0,-0.112,-0.034,-0.092,"yes",NA,NA,"Competition","Transporter, primary","Peptide","Transport","COG0601","AA, Inorganics","peptide/nickel/opine uptake family ABC transporter, permease protein"
"SPO2819",0.764,0.739,0.792,0,1.005,0.977,1.035,0,0.984,0.946,1.02,0,1.041,1.001,1.079,0,"pntB","NAD(P)+ transhydrogenase, beta subunit","SPO_RS14320",0,0.391,0.361,0.441,"yes","yes","yes","Altered environment","Energy","Aerobic Respiration","Anabolic","COG1282","Energy","NAD(P)+ transhydrogenase, beta subunit"
"SPO2820",0.83,0.758,0.912,0,1.005,0.943,1.075,0,0.996,0.951,1.043,0,1.069,1.024,1.117,0,"pntA","NAD(P) transhydrogenase, alpha subunit","SPO_RS14325",0,0.273,0.26,0.361,"yes","yes","yes","Altered environment","Energy","Aerobic Respiration","Anabolic","COG3288","Energy","NAD(P) transhydrogenase subunit alpha"
"SPO2821",0.946,0.924,0.965,0,1.055,0.98,1.123,0,1.011,0.985,1.035,0,1.03,0.991,1.085,0,"SPO2821","isoprenylcysteine carboxyl methyltransferase family protein","SPO_RS14330",0,0.156,0.095,0.122,"yes",NA,"yes",NA,"","",NA,NA,NA,NA
"SPO2824",1.035,0.949,1.129,0,0.759,0.611,0.902,0,0.973,0.858,1.099,0,0.938,0.832,1.052,0,"kynU","kynureninase","SPO_RS14345",0,-0.442,-0.088,-0.141,"yes",NA,NA,"Central Metabolism","Catabolism","Tryptophan","Amphibolic","COG3844","AA","Kynureninase (EC 3.7.1.3)"
"SPO2906",0.599,0.497,0.7,0,0.828,0.755,0.909,0,0.786,0.663,0.87,0,0.92,0.881,0.966,0,"SPO2906","hypothetical protein","SPO_RS14745",0,0.461,0.386,0.611,"yes",NA,"yes","Hypothetical","","",NA,NA,NA,NA
"SPO2915",0.82,0.781,0.867,0,0.952,0.912,0.986,0,0.963,0.927,0.993,0,0.917,0.898,0.938,0,"SPO2915","acyl-CoA dehydrogenase family protein","SPO_RS14785",0,0.213,0.229,0.159,"yes","yes","yes",NA,"","","","COG1960","lipids","acyl-CoA dehydrogenase family protein"
"SPO2922",1.153,1.089,1.217,0,0.84,0.692,0.988,0,1.073,1.02,1.129,0,1.057,0.869,1.194,0,"SPO2922","hypothetical protein","SPO_RS14820",0,-0.452,-0.103,-0.124,"yes",NA,NA,"Hypothetical","","",NA,NA,NA,NA
"SPO2933",1.032,0.993,1.068,0,0.924,0.87,0.98,0,1,0.956,1.043,0,1.057,1.005,1.1,0,"SPO2933","hypothetical protein","SPO_RS14875",0,-0.158,-0.045,0.034,"yes",NA,NA,"Hypothetical","","",NA,NA,NA,NA
"SPO2949",1.153,1.054,1.242,0,0.884,0.768,0.994,0,1.126,1.059,1.193,0,1.094,1.015,1.17,0,"SPO2949","endoribonuclease L-PSP family protein","SPO_RS14955",0,-0.38,-0.034,-0.075,"yes",NA,NA,NA,"","",NA,NA,NA,NA
"SPO2952",0.504,0.443,0.566,0,0.921,0.879,0.965,0,0.705,0.643,0.769,0,0.957,0.904,1.005,0,"SPO2952","trkA domain protein","SPO_RS14970",0,0.857,0.476,0.912,"yes","yes","yes",NA,"","","","COG0471","Carbon","trkA domain protein"
"SPO2953",1.03,1.01,1.046,0,0.877,0.815,0.939,0,0.867,0.845,0.884,0,0.819,0.751,0.872,0,"SPO2953","Ser/Thr protein phosphatase family protein","SPO_RS14975",0,-0.23,-0.246,-0.327,"yes","yes","yes",NA,"","",NA,NA,NA,NA
"SPO2964",1.113,1.081,1.146,0,0.994,0.953,1.038,0,1.031,0.991,1.067,0,1.039,1.017,1.061,0,"SPO2964","hypothetical protein","",0,-0.162,-0.109,-0.098,"yes","yes",NA,"Hypothetical","","",NA,NA,NA,NA
"SPO2965",0.786,0.738,0.842,0,0.919,0.869,0.976,0,0.909,0.832,0.985,0,1.016,0.961,1.072,0,"rpmG","ribosomal protein L33","SPO_RS15035",0,0.223,0.207,0.366,"yes",NA,"yes","Altered environment","Cell Cycle/Growth","Transcription/Ribosome","Anabolic","COG0267","translation","LSU ribosomal protein L33P"
"SPO3004",0.492,0,1.002,0,1.197,1.089,1.292,0,0.865,0.755,0.966,0,0.69,0.222,1.061,0,"SPO3004","LysM/phospholipid-binding domain protein","SPO_RS15230",0,1.266,0.802,0.48,"yes",NA,NA,NA,"","",NA,NA,NA,NA
"SPO3032",1.065,1.036,1.102,0,0.972,0.952,1,0,1.001,0.989,1.012,0,0.976,0.949,0.998,0,"edd","phosphogluconate dehydratase","SPO_RS15370",0,-0.131,-0.089,-0.125,"yes",NA,"yes","Central Metabolism","Catabolism","Sugar","Catabolic","COG0129","AA, Carbon","6-phosphogluconate dehydratase (EC 4.2.1.12)"
"SPO3033",0.896,0.868,0.928,0,0.983,0.954,1.014,0,0.986,0.945,1.032,0,0.995,0.96,1.037,0,"zwf-2","glucose-6-phosphate 1-dehydrogenase","SPO_RS15375",0,0.132,0.137,0.15,"yes","yes","yes","Central Metabolism","Catabolism","Sugar","Catabolic","COG0364","Carbon","glucose-6-phosphate 1-dehydrogenase (EC 1.1.1.49)"
"SPO3034",0.649,0.6,0.698,0,0.944,0.903,0.985,0,0.871,0.781,0.943,0,0.99,0.963,1.01,0,"SPO3034","phosphoenolpyruvate-protein phosphotransferase","SPO_RS15380",0,0.534,0.419,0.602,"yes","yes","yes",NA,"Transporter, phosphotransferase","Sugar",NA,NA,NA,NA
"SPO3039",0.881,0.839,0.929,0,1.008,0.94,1.059,0,0.951,0.866,1.032,0,0.851,0.778,0.922,0,"SPO3039","polar amino acid uptake family ABC transporter, periplasmic substrate-binding protein, putative","SPO_RS15405",0,0.192,0.109,-0.049,"yes",NA,NA,NA,"","","Transport","COG0834","AA","amino acid ABC transporter substrate-binding protein, PAAT family (TC 3.A.1.3.-)"
"SPO3043",0.974,0.932,1.014,0,1.061,1.018,1.101,0,1.013,0.939,1.078,0,1.054,1.012,1.106,0,"glnQ","glutamine ABC transporter, ATP-binding protein","SPO_RS15425",0,0.122,0.056,0.113,"yes",NA,NA,"Competition","Transporter, primary","Amino acid","Transport","COG1126","AA","amino acid ABC transporter ATP-binding protein, PAAT family (TC 3.A.1.3.-)"
"SPO3073",0.62,0.579,0.66,0,0.838,0.812,0.865,0,0.781,0.751,0.811,0,0.846,0.818,0.878,0,"ctaE","cytochrome c oxidase, subunit III","SPO_RS15570",0,0.429,0.328,0.442,"yes","yes","yes","Altered environment","Energy","Aerobic Respiration","Catabolic","COG1845","Energy","cytochrome c oxidase, subunit III"
"SPO3075",0.47,0.4,0.54,0,0.871,0.852,0.892,0,0.762,0.657,0.846,0,0.861,0.779,0.912,0,"ctaB","Protoheme IX farnesyltransferase (EC 2.5.1.141) (Heme O synthase)","SPO_RS15580",0,0.876,0.686,0.86,"yes","yes","yes","Altered environment","Energy","Aerobic Respiration","Catabolic","COG0109","Coenzyme, lipids","protoheme IX farnesyltransferase"
"SPO3076",0.593,0.558,0.624,0,0.802,0.768,0.844,0,0.819,0.77,0.882,0,0.829,0.795,0.865,0,"ctaC","cytochrome c oxidase, subunit II","SPO_RS15585",0,0.429,0.459,0.477,"yes","yes","yes","Altered environment","Energy","Aerobic Respiration","Catabolic","COG1622","Energy","cytochrome c oxidase, subunit II"
"SPO3094",1.045,1.019,1.07,0,0.974,0.934,1.015,0,0.97,0.95,0.991,0,0.963,0.948,0.977,0,"SPO3094","lipoprotein, putative","SPO_RS15680",0,-0.101,-0.106,-0.117,"yes","yes","yes",NA,"","",NA,NA,NA,NA
"SPO3198",0.784,0.659,0.893,0,1.006,0.901,1.095,0,0.877,0.739,1,0,0.967,0.801,1.097,0,"rnc","ribonuclease III","SPO_RS16200",0,0.356,0.16,0.299,"yes",NA,NA,"Altered environment","Cell Cycle/Growth","Transcription/Ribosome",NA,NA,NA,NA
"SPO3223",1.056,1.007,1.096,0,0.941,0.877,0.995,0,1.012,0.957,1.06,0,0.962,0.877,1.039,0,"SPO3223","response regulator","SPO_RS16325",0,-0.165,-0.061,-0.133,"yes",NA,NA,"Regulation/Signaling","","",NA,NA,NA,NA
"SPO3272",0.937,0.908,0.967,0,1.033,1.008,1.057,0,0.95,0.923,0.977,0,0.93,0.885,0.979,0,"SPO3272","glutamate synthase family protein","SPO_RS16570",0,0.139,0.02,-0.011,"yes",NA,NA,"Crossfeeding","Nitrogen","Glutamate","Anabolic","COG0069","AA","glutamate synthase family protein"
"SPO3278",0,0,0,0,0.303,0.093,0.507,0,0.263,0.083,0.398,0,0.511,0.355,0.67,0,"pyrF","orotidine 5'-phosphate decarboxylase","SPO_RS16600",0,4.968,4.771,5.703,"yes","yes","yes","Crossfeeding","Nucleotide","Pyrimidine","Anabolic","COG0284","nucleotide","orotidine-5'-phosphate decarboxylase (EC 4.1.1.23)"
"SPO3282",0.637,0.526,0.738,0,0.882,0.816,0.958,0,0.807,0.749,0.875,0,0.916,0.858,0.983,0,"SPO3282","N-formylglutamate amidohydrolase family protein","SPO_RS16620",0,0.463,0.337,0.517,"yes","yes","yes",NA,"","","","COG3741","AA","N-formylglutamate amidohydrolase family protein"
"SPO3296",0.871,0.848,0.895,0,0.935,0.903,0.964,0,0.936,0.911,0.961,0,0.95,0.913,0.989,0,"SPO3296","AMP-binding enzyme","SPO_RS16690",0,0.101,0.103,0.124,"yes","yes","yes",NA,"","","Catabolic","COG1022","lipids","AMP-binding enzyme"
"SPO3314",0.113,0.047,0.199,0,0.266,0.207,0.336,0,0.113,0,0.264,0,0.23,0.075,0.319,0,"ilvD","dihydroxy-acid dehydratase","SPO_RS16780",0,1.166,0,0.964,"yes",NA,NA,"Crossfeeding","Amino Acid","Isoleucine","Anabolic","COG0129","AA, Carbon","dihydroxyacid dehydratase (EC 4.2.1.9)"
"SPO3339",1.033,0.976,1.074,0,0.84,0.763,0.909,0,0.93,0.857,1.003,0,1.024,0.968,1.074,0,"SPO3339","bioY family protein","SPO_RS16915",0,-0.295,-0.15,-0.013,"yes",NA,NA,"Competition","Transporter, primary","Biotin","Transport","COG1268","Coenzyme","bioY family protein"
"SPO3353",0.727,0.639,0.822,0,1.017,0.932,1.11,0,0.935,0.846,1.03,0,0.852,0.648,1.037,0,"serB-2","phosphoserine phosphatase","SPO_RS16985",0,0.479,0.359,0.226,"yes","yes",NA,"Crossfeeding","Amino Acid","Serine","Anabolic","COG0560","AA","phosphoserine phosphatase"
"SPO3418",1.061,1.013,1.12,0,0.87,0.792,0.959,0,0.987,0.963,1.014,0,0.936,0.898,0.976,0,"SPO3418","amidase family protein","SPO_RS17305",0,-0.283,-0.103,-0.179,"yes",NA,"yes",NA,"","","Anabolic","COG0154","translation","amidase family protein"
"SPO3478",0.985,0.965,1.007,0,0.833,0.803,0.858,0,0.921,0.894,0.945,0,0.904,0.89,0.919,0,"glcD","glycolate oxidase, GlcD subunit","SPO_RS17615",0,-0.239,-0.096,-0.123,"yes",NA,"yes","Competition","Carbon source","Glycolate","Catabolic","COG0277","Energy","glycolate oxidase, GlcD subunit"
"SPO3479",0.983,0.946,1.022,0,0.722,0.648,0.785,0,0.921,0.887,0.953,0,0.87,0.768,0.939,0,"glcE","glycolate oxidase, GlcE subunit","SPO_RS17620",0,-0.44,-0.093,-0.174,"yes",NA,"yes","Competition","Carbon source","Glycolate","Catabolic","COG0277","Energy","glycolate oxidase, GlcE subunit"
"SPO3480",0.944,0.889,0.99,0,0.831,0.766,0.885,0,0.887,0.856,0.919,0,0.859,0.842,0.878,0,"glcF","glycolate oxidase, iron-sulfur subunit","SPO_RS17625",0,-0.182,-0.089,-0.135,"yes",NA,"yes","Competition","Carbon source","Glycolate","Catabolic","COG0247","Energy","glycolate oxidase, iron-sulfur subunit"
"SPO3561",0.39,0.307,0.469,0,0.754,0.703,0.814,0,0.468,0.324,0.577,0,0.68,0.639,0.719,0,"xsc","sulfoacetaldehyde acetyltransferase","SPO_RS18040",0,0.934,0.257,0.787,"yes",NA,"yes","Central Metabolism","Catabolism","Sulfoacetaldehyde","Catabolic","COG0028","AA, Coenzyme","sulfoacetaldehyde acetyltransferase (EC 2.3.3.15)"
"SPO3594",0.698,0.578,0.807,0,0.958,0.891,1.026,0,0.732,0.667,0.799,0,0.926,0.839,1.019,0,"pheS","phenylalanyl-tRNA synthetase, alpha subunit","SPO_RS18205",0,0.451,0.068,0.403,"yes",NA,"yes","Altered environment","Cell Cycle/Growth","Transcription/Ribosome","Anabolic","COG0016","translation","phenylalanyl-tRNA synthetase, alpha subunit (EC 6.1.1.20)"
"SPO3604",0.853,0.813,0.894,0,0.968,0.958,0.979,0,0.918,0.884,0.95,0,1.008,0.972,1.051,0,"SPO3604","D-amino acid aminotransferase, putative","SPO_RS18260",0,0.18,0.105,0.238,"yes",NA,"yes","Central Metabolism","Amino Acid","Alanine","Catabolic","COG0115","AA, Coenzyme","D-amino acid aminotransferase, putative"
"SPO3623",1.036,1.022,1.049,0,0.928,0.871,0.984,0,1.014,0.995,1.036,0,0.99,0.953,1.028,0,"SPO3623","hypothetical protein","SPO_RS18355",0,-0.157,-0.031,-0.065,"yes",NA,NA,"Hypothetical","","",NA,NA,NA,NA
"SPO3633",0.686,0.58,0.794,0,0.913,0.847,0.982,0,0.796,0.734,0.864,0,0.851,0.782,0.921,0,"SPO3633","molybdopterin converting factor, subunit 2","SPO_RS18405",0,0.407,0.212,0.307,"yes",NA,NA,"Crossfeeding","Cofactor","Molybdopterin","Anabolic","COG0314","Coenzyme","molybdopterin synthase subunit MoaE (EC 2.8.1.12)"
"SPO3661",0.917,0.858,0.981,0,0.781,0.722,0.841,0,0.78,0.708,0.85,0,0.75,0.702,0.801,0,"SPO3661","allophanate hydrolase family protein","SPO_RS18555",0,-0.229,-0.231,-0.287,"yes","yes","yes","Competition","Nitrogen acquisition","Urea cycle","Catabolic","COG2049","AA","allophanate hydrolase family protein"
"SPO3684",0.883,0.87,0.894,0,0.951,0.928,0.968,0,0.887,0.867,0.907,0,0.981,0.956,1.004,0,"SPO3684","transcriptional regulator, LacI family","SPO_RS18690",0,0.106,0.006,0.15,"yes",NA,"yes","Regulation/Signaling","","",NA,NA,NA,NA
"SPO3753",0.923,0.89,0.955,0,0.991,0.971,1.01,0,1.002,0.984,1.022,0,0.979,0.946,1.009,0,"queF","NADPH-dependent 7-cyano-7-deazaguanine reductase (EC 1.7.1.13)","SPO_RS19050",0,0.101,0.117,0.084,"yes","yes",NA,"Central Metabolism","Catabolism","C1 metabolism","Anabolic","COG0780","translation","GTP cyclohydrolase family protein"
"SPO3765",1.025,0.989,1.062,0,0.95,0.912,0.984,0,0.991,0.952,1.026,0,0.98,0.92,1.029,0,"SPO3765","hypothetical protein","SPO_RS19110",0,-0.109,-0.048,-0.064,"yes",NA,NA,"Hypothetical","","",NA,NA,NA,NA
"SPO3768",0.205,0.189,0.227,0,0.398,0.372,0.42,0,0.334,0.25,0.391,0,0.361,0.325,0.407,0,"gltB","glutamate synthase, large subunit","SPO_RS19125",0,0.924,0.678,0.787,"yes","yes","yes","Crossfeeding","Nitrogen","Glutamate","Anabolic","COG0069","AA","glutamate synthase (NADPH) large subunit (EC 1.4.1.13)"
"SPO3769",0.181,0.118,0.241,0,0.559,0.517,0.605,0,0.356,0.268,0.444,0,0.385,0.198,0.529,0,"SPO3769","hypothetical protein","SPO_RS19130",0,1.575,0.938,1.048,"yes","yes",NA,"Hypothetical","","",NA,NA,NA,NA
"SPO3770",0.158,0.114,0.202,0,0.473,0.43,0.51,0,0.342,0.258,0.421,0,0.479,0.457,0.501,0,"gltD","glutamate synthase, small subunit","SPO_RS19135",0,1.524,1.067,1.541,"yes","yes","yes","Crossfeeding","Nitrogen","Glutamate","Anabolic","COG0493","AA","glutamate synthase (NADPH) small subunit (EC 1.4.1.13)"
"SPO3810",0.046,0,0.118,0,0.351,0.307,0.399,0,0.303,0.25,0.361,0,0.33,0.161,0.508,0,"gpmI","2,3-bisphosphoglycerate-independent phosphoglycerate mutase","SPO_RS19335",0,2.689,2.483,2.602,"yes","yes","yes","Altered environment","Metabolism","Glycolysis/Gluconeogenesis","Amphibolic","COG0696","Carbon","phosphoglycerate mutase (EC 5.4.2.1)"
"SPO3812",0.718,0.668,0.763,0,0.881,0.842,0.922,0,0.862,0.837,0.888,0,0.872,0.85,0.896,0,"SPO3812","carboxyl-terminal protease family protein","SPO_RS19345",0,0.291,0.26,0.277,"yes","yes","yes",NA,"","",NA,NA,NA,NA
"SPO3855",0.544,0.524,0.56,0,0.715,0.659,0.787,0,0.644,0.593,0.694,0,0.778,0.722,0.828,0,"gpsA","glycerol-3-phosphate dehydrogenase (NAD(P)+)","SPO_RS19565",0,0.388,0.239,0.508,"yes","yes","yes",NA,"","","Anabolic","COG0240","Energy","glycerol-3-phosphate dehydrogenase (NAD(P)+)"
"SPO3865",0.548,0.46,0.623,0,0.835,0.781,0.892,0,0.829,0.782,0.876,0,0.822,0.734,0.912,0,"regA","photosynthetic apparatus regulatory protein RegA","SPO_RS19615",0,0.599,0.588,0.576,"yes","yes","yes","Regulation/Signaling","","",NA,NA,NA,NA
"SPO3867",0.764,0.724,0.804,0,0.867,0.845,0.893,0,0.873,0.848,0.903,0,0.858,0.832,0.888,0,"regB","sensor histidine kinase RegB","SPO_RS19625",0,0.18,0.19,0.165,"yes","yes","yes","Regulation/Signaling","","",NA,NA,NA,NA
"SPO3872",0.656,0.624,0.686,0,0.72,0.702,0.737,0,0.688,0.625,0.747,0,0.772,0.733,0.81,0,"SPO3872","hypothetical protein","SPO_RS19650",0,0.132,0.068,0.232,"yes",NA,"yes","Hypothetical","","",NA,NA,NA,NA
"SPO3873",0.713,0.637,0.761,0,0.812,0.776,0.854,0,0.762,0.742,0.783,0,0.86,0.793,0.911,0,"SPO3873","ATP-dependent DNA helicase, UvrD/Rep family","SPO_RS19655",0,0.185,0.095,0.267,"yes",NA,"yes",NA,"","",NA,NA,NA,NA
"SPOA0002",1.094,1.049,1.141,0,0.984,0.932,1.035,0,0.99,0.956,1.026,0,0.985,0.911,1.056,0,"miaB","(dimethylallyl)adenosine tRNA methylthiotransferase","SPO_RS19790",0,-0.151,-0.143,-0.15,"yes","yes",NA,NA,"","","Anabolic","COG0621","translation","tRNA-i(6)A37 thiotransferase enzyme MiaB"
"SPOA0022",0.998,0.923,1.077,0,0.445,0,0.899,0,0.803,0.619,0.92,0,0.948,0.749,1.105,0,"SPOA0022","cytochrome c5","SPO_RS19885",0,-1.148,-0.31,-0.073,"yes","yes",NA,"Altered environment","Energy","Low O2 Respiration","Catabolic","COG3245","Energy","cytochrome c5"
"SPOA0024",1.031,0.993,1.074,0,0.96,0.922,0.992,0,1.001,0.968,1.034,0,0.941,0.917,0.964,0,"SPOA0024","2-oxo-hepta-3-ene-1,7-dioic acid hydratase","SPO_RS19895",0,-0.102,-0.042,-0.13,"yes",NA,"yes","Central Metabolism","Catabolism","Tyrosine-related",NA,NA,NA,NA
"SPOA0041",1.111,1.042,1.183,0,0.932,0.83,1.02,0,1.011,0.945,1.072,0,0.949,0.883,1.019,0,"crcB","Putative fluoride ion transporter CrcB","SPO_RS19980",0,-0.251,-0.135,-0.225,"yes",NA,"yes","Competition","Transporter, inorganic","Fluoride","Transport","COG0239","Inorganics","camphor resistance protein CrcB"
"SPOA0073",0.507,0.255,0.695,0,0.941,0.855,1.022,0,0.856,0.782,0.921,0,0.848,0.756,0.937,0,"arsC-2","arsenate reductase","SPO_RS20140",0,0.879,0.744,0.731,"yes","yes","yes","Central Metabolism","Inorganic reduction","Arsenate",NA,NA,NA,NA
"SPOA0088",1.104,1.085,1.119,0,0.98,0.974,0.987,0,0.994,0.987,1.002,0,0.986,0.976,0.995,0,"SPOA0088","hypothetical protein","SPO_RS22660",0,-0.17,-0.15,-0.162,"yes","yes","yes","Hypothetical","","",NA,NA,NA,NA
"SPOA0109",0,0,0,3247,0.948,0.392,1.153,937,0.54,0,0.974,1518,0.338,0,0.904,2252,"SPOA0109","hypothetical protein","SPO_RS20375",1988.5,6.582,5.781,5.121,"yes",NA,NA,"Hypothetical","","",NA,"COG0824","lipids","4-hydroxybenzoyl-CoA thioesterase/acyl-CoA thioester hydrolase"
"SPOA0111",1.087,1.05,1.123,0,1.006,0.974,1.037,0,1.024,0.997,1.05,0,1.006,0.959,1.049,0,"SPOA0111","indolepyruvate oxidoreductase, IorA subunit","SPO_RS20385",0,-0.111,-0.085,-0.111,"yes",NA,"yes","Central Metabolism","Catabolism","Arylpyruvates","Catabolic","COG4231","Energy","indolepyruvate oxidoreductase, IorA subunit, putative"
"SPOA0112",0.917,0.885,0.946,0,0.996,0.972,1.027,0,0.951,0.92,0.975,0,0.998,0.978,1.019,0,"feaB","phenylacetaldehyde dehydrogenase","SPO_RS20390",0,0.118,0.052,0.121,"yes",NA,"yes","Central Metabolism","Catabolism","Phenylalanine","Catabolic","COG1012","Energy","aldehyde dehydrogenase (acceptor) (EC 1.2.99.3)"
"SPOA0115",0.838,0.738,0.942,0,1.013,0.953,1.076,0,0.871,0.764,0.952,0,0.93,0.842,1.022,0,"gtdA-2","gentisate 1,2-dioxygenase","SPO_RS20405",0,0.271,0.055,0.149,"yes",NA,NA,"Central Metabolism","Catabolism","Aromatic compound",NA,NA,NA,NA
"SPOA0122",0.968,0.93,1.008,0,0.89,0.842,0.929,0,0.973,0.94,1.01,0,0.905,0.866,0.944,0,"SPOA0122","ISSpo9, transposase","SPO_RS20440",0,-0.12,0.007,-0.096,"yes",NA,NA,NA,"","",NA,NA,NA,NA
"SPOA0161",1.004,0.953,1.061,0,0.868,0.801,0.924,0,0.963,0.759,1.112,0,0.896,0.804,1.009,0,"SPOA0161","TRAP dicarboxylate transporter, DctQ subunit","SPO_RS20645",0,-0.208,-0.06,-0.162,"yes",NA,NA,"Competition","Transporter, secondary","Organic acid",NA,NA,NA,NA
"SPOA0170",1.041,1.025,1.06,0,0.967,0.951,0.982,0,0.998,0.959,1.037,0,0.96,0.947,0.974,0,"SPOA0170","MarR family transcriptional regulator","SPO_RS20690",0,-0.105,-0.06,-0.116,"yes",NA,"yes","Regulation/Signaling","","",NA,NA,NA,NA
"SPOA0172",0.761,0.661,0.876,0,0.984,0.885,1.086,0,0.941,0.881,1.002,0,0.974,0.827,1.088,0,"SPOA0172","hypothetical protein","SPO_RS20700",0,0.367,0.303,0.352,"yes","yes",NA,"Hypothetical","","",NA,NA,NA,NA
"SPOA0223",1.058,1.001,1.113,0,0.936,0.891,0.979,0,0.992,0.945,1.036,0,1.003,0.944,1.065,0,"nirF","cytochrome cd1 nitrite reductase","SPO_RS20950",0,-0.175,-0.092,-0.076,"yes",NA,NA,"Altered environment","Energy","Low O2 Respiration",NA,NA,NA,NA
"SPOA0236",1.13,1.083,1.177,0,0.952,0.915,0.992,0,0.957,0.923,0.986,0,0.983,0.942,1.026,0,"dctB","C4-dicarboxylate transport sensor protein dctB","SPO_RS21015",0,-0.245,-0.237,-0.199,"yes","yes","yes","Competition","Transporter, secondary","Organic acid",NA,NA,NA,NA
"SPOA0237",1.164,1.133,1.195,0,0.974,0.918,1.015,0,0.986,0.964,1.007,0,0.997,0.975,1.017,0,"dctD-2","C4-dicarboxylate transport transcriptional regulatory protein DctD","SPO_RS21020",0,-0.255,-0.237,-0.221,"yes","yes","yes","Competition","Transporter, secondary","Regulation",NA,NA,NA,NA
"SPOA0238",1.165,1.113,1.214,0,1.018,0.966,1.069,0,1.013,0.967,1.058,0,1.023,0.974,1.069,0,"SPOA0238","TRAP dicarboxylate transporter, DctP subunit","SPO_RS21025",0,-0.193,-0.2,-0.186,"yes","yes","yes","Competition","Transporter, secondary","Organic acid","Transport","COG1638","Carbon","TRAP dicarboxylate transporter, DctP subunit"
"SPOA0240",1.086,1.054,1.117,0,0.976,0.923,1.025,0,0.981,0.954,1.007,0,0.98,0.954,1.003,0,"SPOA0240","TRAP transporter, DctM subunit","SPO_RS21035",0,-0.153,-0.145,-0.147,"yes","yes","yes","Competition","Transporter, secondary","Organic acid","Transport","COG1593","Carbon","TRAP transporter, DctM subunit"
"SPOA0257",0.892,0.822,0.953,0,0.985,0.968,1.002,0,0.953,0.915,0.986,0,0.981,0.941,1.029,0,"rbsC-2","ribose ABC transporter, permease protein","SPO_RS21120",0,0.142,0.094,0.136,"yes",NA,NA,"Competition","Transporter, primary","Sugar","Transport","COG1172","Carbon","monosaccharide ABC transporter membrane protein, CUT2 family (TC 3.A.1.2.-)"
"SPOA0336",1.28,1.236,1.328,0,0.926,0.902,0.949,0,1.078,1.023,1.118,0,0.93,0.896,0.962,0,"SPOA0336","LacI family transcription regulator","SPO_RS21540",0,-0.463,-0.246,-0.457,"yes","yes","yes","Regulation/Signaling","","",NA,NA,NA,NA
"SPOA0351",1.248,1.18,1.316,0,1.127,1.072,1.179,0,1.151,1.094,1.205,0,1.172,1.101,1.241,0,"SPOA0351","hypothetical protein","",0,-0.146,-0.116,-0.09,"yes",NA,NA,"Hypothetical","","",NA,NA,NA,NA
"SPO_Sp16SA",0.967,0.96,0.974,0,1.042,1.036,1.046,0,1.047,1.038,1.055,0,1.052,1.047,1.057,0,"16S rRNA","","",0,0.107,0.114,0.12,"yes","yes","yes","Altered environment","Cell Cycle/Growth","Transcription/Ribosome",NA,NA,NA,NA
"SPO_Sp16SB",0.966,0.957,0.975,0,1.043,1.036,1.049,0,1.047,1.037,1.057,0,1.052,1.047,1.057,0,"16S rRNA","","",0,0.11,0.115,0.122,"yes","yes","yes","Altered environment","Cell Cycle/Growth","Transcription/Ribosome",NA,NA,NA,NA
"SPO_Sp16SC",0.964,0.956,0.971,0,1.043,1.037,1.05,0,1.046,1.038,1.054,0,1.053,1.05,1.056,0,"16S rRNA","","",0,0.113,0.117,0.126,"yes","yes","yes","Altered environment","Cell Cycle/Growth","Transcription/Ribosome",NA,NA,NA,NA
"SPO0169",1.024,0.978,1.076,0,0.921,0.876,0.979,0,0.934,0.909,0.964,0,0.979,0.945,1.019,0,"SPO0169","transglycosylase, Slt family","SPO_RS00865",0,-0.151,-0.131,-0.064,NA,"yes",NA,NA,"","",NA,NA,NA,NA
"SPO0216",0.064,0.021,0.091,0,0.154,0.076,0.266,0,0.149,0.108,0.195,0,0.267,0.156,0.38,0,"leuC-1","3-isopropylmalate dehydratase, large subunit","SPO_RS01100",0,1.148,1.103,1.904,NA,"yes","yes","Crossfeeding","Amino Acid","Leucine","Anabolic","COG0065","AA","3-isopropylmalate dehydratase, large subunit (EC 4.2.1.33)"
"SPO0230",1.127,1.069,1.189,0,1.015,0.944,1.089,0,1.009,0.963,1.058,0,1.026,0.966,1.095,0,"SPO0230","hypothetical protein","SPO_RS01175",0,-0.15,-0.158,-0.134,NA,"yes",NA,"Hypothetical","","",NA,"COG5590","Coenzyme","ubiquinone biosynthesis protein COQ9"
"SPO0285",0.805,0.725,0.894,0,0.911,0.853,0.967,0,0.952,0.909,0.999,0,0.996,0.959,1.039,0,"SPO0285","hypothetical protein","SPO_RS01445",0,0.176,0.239,0.304,NA,"yes","yes","Hypothetical","","",NA,NA,NA,NA
"SPO0342",0.848,0.797,0.906,0,0.966,0.888,1.036,0,0.952,0.926,0.986,0,0.968,0.914,1.021,0,"SPO0342","hypothetical protein","SPO_RS01735",0,0.186,0.165,0.189,NA,"yes","yes","Hypothetical","","",NA,NA,NA,NA
"SPO0349",0.156,0.045,0.247,0,0.284,0.02,0.554,0,0.451,0.317,0.529,0,0.553,0.479,0.622,0,"mdh","malate dehydrogenase, NAD-dependent","SPO_RS01775",0,0.825,1.474,1.762,NA,"yes","yes","Altered environment","Metabolism","TCA/gluconeogenesis","Amphibolic","COG0039","Energy","malate dehydrogenase (NAD) (EC 1.1.1.37)"
"SPO0367",0.949,0.934,0.964,0,0.998,0.98,1.015,0,0.867,0.803,0.932,0,0.949,0.928,0.97,0,"SPO0367","DNA-binding protein, H-NS family","SPO_RS01860",0,0.072,-0.129,0,NA,"yes",NA,"Regulation/Signaling","","",NA,NA,NA,NA
"SPO0482",0.89,0.834,0.947,0,0.987,0.932,1.04,0,1.003,0.959,1.049,0,1.022,0.967,1.084,0,"SPO0482","NADH-ubiquinone oxidoreductase family protein","SPO_RS02430",0,0.148,0.171,0.197,NA,"yes","yes","Altered environment","Energy","Aerobic Respiration",NA,NA,NA,NA
"SPO0517",0.881,0.825,0.938,0,0.992,0.917,1.042,0,0.965,0.939,0.991,0,1.014,0.982,1.043,0,"SPO0517","HAD-superfamily hydrolase, subfamily IA, variant 1","SPO_RS02610",0,0.169,0.13,0.201,NA,"yes","yes","Central Metabolism","Catabolism","Phosphoglycolate","Catabolic","COG0546","Energy","HAD-superfamily hydrolase, subfamily IA, variant 1"
"SPO0533",1.09,1.037,1.136,0,1.014,0.941,1.085,0,0.907,0.845,0.959,0,0.988,0.935,1.037,0,"SPO0533","diguanylate cyclase, putative","SPO_RS02690",0,-0.103,-0.263,-0.14,NA,"yes",NA,"Regulation/Signaling","","",NA,NA,NA,NA
"SPO0649",0.929,0.895,0.962,0,0.987,0.949,1.025,0,0.999,0.978,1.021,0,0.976,0.907,1.029,0,"SPO0649","sugar ABC transporter, permease protein","SPO_RS03280",0,0.086,0.104,0.07,NA,"yes",NA,NA,"Transporter, primary","Sugar",NA,NA,NA,NA
"SPO0675",0.74,0.649,0.819,0,0.937,0.786,1.076,0,0.92,0.829,1.022,0,0.93,0.784,1.038,0,"tauB","taurine ABC transporter, ATP-binding protein","SPO_RS03410",0,0.336,0.31,0.326,NA,"yes",NA,NA,"Transporter, primary","Taurine","Transport","COG1116","Inorganics","taurine ABC transporter, ATP-binding protein"
"SPO0690",0.889,0.852,0.934,0,0.951,0.885,1.018,0,0.974,0.935,1.014,0,0.922,0.86,0.986,0,"SPO0690","hypothetical protein","SPO_RS03485",0,0.096,0.13,0.052,NA,"yes",NA,"Hypothetical","","",NA,NA,NA,NA
"SPO0691",0.604,0.188,0.898,0,0.973,0.834,1.126,0,1.008,0.938,1.099,0,0.846,0.642,1.1,0,"era","GTP-binding protein Era","SPO_RS03490",0,0.679,0.729,0.479,NA,"yes",NA,"Altered environment","Cell Cycle/Growth","Division","Anabolic","COG1159","translation","GTP-binding protein Era"
"SPO0728",0.977,0.953,1.006,0,0.957,0.9,1.012,0,0.898,0.877,0.918,0,0.985,0.945,1.027,0,"tuf-1","translation elongation factor Tu","SPO_RS03675",0,-0.03,-0.12,0.012,NA,"yes",NA,"Altered environment","Cell Cycle/Growth","Transcription/Ribosome","Anabolic","COG0050","translation","translation elongation factor 1A (EF-1A/EF-Tu)"
"SPO0763",1.047,0.989,1.107,0,0.961,0.926,0.994,0,0.924,0.875,0.971,0,0.971,0.919,1.021,0,"SPO0763","glutamine amidotransferase, class I","SPO_RS03850",0,-0.122,-0.178,-0.108,NA,"yes",NA,NA,"","","","COG0518","nucleotide","glutamine amidotransferase, class I"
"SPO0891",1.071,1.022,1.122,0,1.024,0.954,1.106,0,0.988,0.961,1.021,0,1.027,0.967,1.082,0,"SPO0891","alkylphosphonate utilization protein PhnM, putative","SPO_RS04490",0,-0.064,-0.115,-0.06,NA,"yes",NA,"Central Metabolism","Phosphorus","Alkylphosphonate","Anabolic","COG3454","Inorganics","alkylphosphonate utilization protein PhnM, putative"
"SPO0910",1.089,1.069,1.109,0,1.032,1.009,1.066,0,1.012,0.986,1.038,0,1.017,0.988,1.047,0,"SPO0910","hypothetical protein","SPO_RS04585",0,-0.077,-0.105,-0.098,NA,"yes",NA,"Hypothetical","","",NA,NA,NA,NA
"SPO0955",1.065,1.03,1.11,0,1.033,0.995,1.069,0,0.981,0.954,1.009,0,1.013,0.981,1.049,0,"SPO0955","amidohydrolase domain protein","SPO_RS04795",0,-0.044,-0.117,-0.072,NA,"yes",NA,NA,"","",NA,NA,NA,NA
"SPO1007",1.162,1.121,1.227,0,1.088,1.067,1.11,0,1.048,1.017,1.09,0,1.089,1.059,1.123,0,"SPO1007","hypothetical protein","SPO_RS05070",0,-0.094,-0.148,-0.093,NA,"yes",NA,"Hypothetical","","",NA,NA,NA,NA
"SPO1092",1.029,0.984,1.074,0,1.002,0.939,1.086,0,0.944,0.908,0.982,0,0.937,0.877,0.994,0,"SPO1092","transcriptional regulator, LysR family","SPO_RS05540",0,-0.038,-0.123,-0.134,NA,"yes",NA,"Regulation/Signaling","","",NA,NA,NA,NA
"SPO1097",0.402,0.125,0.663,0,0.668,0.53,0.814,0,0.763,0.687,0.849,0,0.429,0.129,0.696,0,"SPO1097","hypothetical protein","SPO_RS05570",0,0.719,0.908,0.092,NA,"yes",NA,"Hypothetical","","",NA,NA,NA,NA
"SPO1143",0.828,0.738,0.916,0,0.818,0.746,0.908,0,0.976,0.924,1.035,0,0.862,0.709,1.018,0,"eutA","Ectoine utilization protein EutA","SPO_RS05800",0,-0.017,0.235,0.057,NA,"yes",NA,"Central Metabolism","Catabolism","Ectoine",NA,NA,NA,NA
"SPO1172",1.179,1.087,1.269,0,1.102,1.011,1.215,0,1.005,0.938,1.074,0,1.041,0.981,1.106,0,"SPO1172","FMN-dependent alpha-hydroxy acid dehydrogenase family protein","SPO_RS05940",0,-0.097,-0.228,-0.178,NA,"yes",NA,"Central Metabolism","Catabolism","Lactate","Catabolic","COG1304","Energy","FMN-dependent alpha-hydroxy acid dehydrogenase family protein"
"SPO1181",1.114,0.938,1.312,2203,1.099,0.974,1.211,2175,0.651,0.511,0.921,3147,0.719,0.719,0.719,7710,"SPO1181","penicillin-binding protein","SPO_RS05985",3808.75,-0.019,-0.766,-0.625,NA,"yes","yes","Antimicrobial/Efflux","","",NA,NA,NA,NA
"SPO1213",0.981,0.951,1.011,0,0.992,0.97,1.012,0,0.905,0.883,0.927,0,0.982,0.904,1.06,0,"SPO1213","oligopeptide ABC transporter, ATP-binding protein","SPO_RS06155",0,0.016,-0.115,0.001,NA,"yes",NA,NA,"","",NA,NA,NA,NA
"SPO1265",0,0,0,587,0.386,0,1.26,363,0.753,0.37,1.113,177,0.687,0,1.159,214,"SPO1265","DNA-binding protein, putative","SPO_RS06445",335.25,5.307,6.254,6.123,NA,"yes",NA,"Regulation/Signaling","","",NA,NA,NA,NA
"SPO1446",1.176,0.968,1.369,0,0.847,0.683,1.006,0,0.762,0.606,0.92,0,1.059,0.87,1.251,0,"SPO1446","cyclase, putative","SPO_RS07370",0,-0.469,-0.619,-0.15,NA,"yes",NA,NA,"","","","COG1878","AA","cyclase, putative"
"SPO1481",0.476,0.146,0.734,0,0.837,0.69,0.994,0,0.861,0.735,0.98,0,0.803,0.687,0.928,0,"cfa","cyclopropane fatty acyl phospholipid synthase","SPO_RS07545",0,0.801,0.842,0.742,NA,"yes",NA,NA,"","",NA,NA,NA,NA
"SPO1582",0.446,0.138,0.75,0,0.548,0.16,0.96,0,0.847,0.763,0.919,0,0.402,0,0.819,0,"dmmC","DMA monooxygenase subunit C","SPO_RS08050",0,0.291,0.91,-0.146,NA,"yes",NA,"Central Metabolism","Nitrogen","Methylamines",NA,NA,NA,NA
"SPO1613",0.643,0.427,0.864,5813,0.842,0.473,1.044,3234,1.029,0.976,1.073,4302,0.879,0.879,0.88,5806,"SPO1613","hypothetical protein","SPO_RS08205",4788.75,0.384,0.67,0.445,NA,"yes","yes","Hypothetical","","",NA,NA,NA,NA
"SPO1794",1.128,1.025,1.231,0,0.958,0.852,1.08,0,0.87,0.725,1.013,0,0.904,0.704,1.109,0,"SPO1794","formate dehydrogenase, gamma subunit","SPO_RS09125",0,-0.233,-0.371,-0.316,NA,"yes",NA,"Central Metabolism","Catabolism","C1 metabolism","Catabolic","COG2864","Energy","formate dehydrogenase gamma subunit (EC 1.2.1.2)"
"SPO1865",1.242,1.221,1.262,5857,1.202,1.184,1.221,5865,1.132,1.078,1.186,3156,1.255,1.107,1.403,3211,"tkt","transketolase","SPO_RS09480",4522.25,-0.047,-0.133,0.015,NA,"yes",NA,"Central Metabolism","Catabolism","Sugar","Catabolic","COG0021","Carbon","transketolase (EC 2.2.1.1)"
"SPO1928",1.129,1.093,1.171,0,1.081,1.052,1.107,0,1.033,1.015,1.052,0,1.059,1.035,1.08,0,"SPO1928","Tat (twin-arginine translocation) pathway signal sequence domain protein","SPO_RS09790",0,-0.062,-0.127,-0.092,NA,"yes",NA,"Regulation/Signaling","","",NA,NA,NA,NA
"SPO1933",0.836,0.749,0.922,0,0.978,0.898,1.05,0,0.974,0.932,1.014,0,1.058,0.958,1.142,0,"SPO1933","invasion associated family protein","SPO_RS09815",0,0.224,0.218,0.336,NA,"yes","yes","Antimicrobial/Efflux","","",NA,NA,NA,NA
"SPO2016",1.212,1.126,1.327,0,1.199,1.116,1.292,0,1.003,0.94,1.077,0,1.058,0.919,1.192,0,"SPO2016","hypothetical protein","SPO_RS10230",0,-0.015,-0.271,-0.194,NA,"yes",NA,"Hypothetical","","",NA,NA,NA,NA
"SPO2065",0.986,0.933,1.041,0,1.088,0.998,1.166,0,1.098,1.049,1.147,0,1.026,0.944,1.098,0,"bdh-1","D-beta-hydroxybutyrate dehydrogenase","SPO_RS10475",0,0.141,0.154,0.057,NA,"yes",NA,"Central Metabolism","Catabolism","Acetoin","Catabolic","COG1028","lipids","D-beta-hydroxybutyrate dehydrogenase"
"SPO2087",0.072,0,0.217,0,0.331,0.079,0.593,0,0.508,0.392,0.648,0,0.186,0,0.437,0,"ntrC","nitrogen regulation protein NtrC","SPO_RS10585",0,2.056,2.659,1.257,NA,"yes",NA,"Regulation/Signaling","","",NA,NA,NA,NA
"SPO2119",0.931,0.872,0.99,0,0.952,0.891,1.006,0,1.034,0.995,1.069,0,0.996,0.977,1.02,0,"rocF","arginase","SPO_RS10745",0,0.032,0.15,0.096,NA,"yes",NA,"Crossfeeding","Amino Acid","Ornithine","Amphibolic","COG0010","AA","arginase (EC 3.5.3.1)"
"SPO2147",1.018,0.971,1.056,0,0.986,0.942,1.044,0,0.92,0.896,0.941,0,0.923,0.886,0.955,0,"SPO2147","hypothetical protein","SPO_RS22205",0,-0.046,-0.145,-0.14,NA,"yes","yes","Hypothetical","","",NA,NA,NA,NA
"SPO2203",1.093,1.058,1.134,0,1.02,0.979,1.051,0,1.004,0.991,1.019,0,1.025,0.997,1.06,0,"mmsA","methylmalonate-semialdehyde dehydrogenase","SPO_RS11170",0,-0.099,-0.121,-0.092,NA,"yes",NA,"Central Metabolism","Catabolism","Methylmalonate","Catabolic","COG1012","Energy","methylmalonate-semialdehyde dehydrogenase [acylating] (EC 1.2.1.27)"
"SPO2222",0.489,0.159,0.72,0,0.723,0.465,0.951,0,0.845,0.77,0.911,0,0.788,0.6,0.926,0,"SPO2222","pyruvate dehydrogenase complex, E3 component, lipoamide dehydrogenase, putative","SPO_RS11270",0,0.555,0.777,0.677,NA,"yes",NA,"Altered environment","Metabolism","TCA","Catabolic","COG1249","Energy","dihydrolipoamide dehydrogenase (EC 1.8.1.4)"
"SPO2241",0.263,0.165,0.366,0,0.352,0.113,0.52,0,0.577,0.473,0.667,0,0.408,0.132,0.684,0,"pdhB","pyruvate dehydrogenase complex, E1 component, beta subunit","SPO_RS11360",0,0.407,1.104,0.615,NA,"yes",NA,"Altered environment","Metabolism","TCA","Catabolic","COG0022","Energy","dihydrolipoamide acetyltransferase"
"SPO2270",1.184,1.13,1.234,0,1.111,1.065,1.158,0,1.091,1.051,1.127,0,1.13,1.07,1.189,0,"SPO2270","putative protein TIGR00247","SPO_RS11510",0,-0.091,-0.117,-0.067,NA,"yes",NA,NA,"","",NA,NA,NA,NA
"SPO2470",1.323,1.239,1.46,4359,1.161,1.087,1.284,4277,0.916,0.761,1.07,980,0.917,0.903,0.931,5903,"iunH","inosine-uridine preferring nucleoside hydrolase","SPO_RS12545",3879.75,-0.187,-0.526,-0.524,NA,"yes","yes","Central Metabolism","Nucleotide salvage","Inosine/Uridine","Catabolic","COG1957","nucleotide","inosine-uridine preferring nucleoside hydrolase"
"SPO2474",0.203,0.035,0.365,0,0.482,0.364,0.589,0,0.477,0.376,0.56,0,0.491,0.413,0.561,0,"eno","enolase","SPO_RS12565",0,1.208,1.193,1.234,NA,"yes","yes","Altered environment","Metabolism","Glycolysis/Gluconeogenesis","Amphibolic","COG0148","Carbon","enolase (EC 4.2.1.11)"
"SPO2548",0.901,0.838,0.961,0,0.946,0.876,1.017,0,1.011,0.965,1.057,0,0.933,0.855,1.023,0,"SPO2548","oxidoreductase, zinc-binding dehydrogenase family","SPO_RS12925",0,0.07,0.164,0.05,NA,"yes",NA,NA,"","","Amphibolic","COG0604","Energy","oxidoreductase, zinc-binding dehydrogenase family"
"SPO2569",0.777,0.628,0.872,0,0.911,0.859,0.962,0,0.931,0.912,0.947,0,0.914,0.789,1.037,0,"bpt","Aspartate/glutamate leucyltransferase (EC 2.3.2.29)","SPO_RS13035",0,0.227,0.258,0.232,NA,"yes",NA,"Altered environment","Cell Cycle/Growth","Protein Turnover",NA,NA,NA,NA
"SPO2572",1.098,0.983,1.216,0,0.954,0.861,1.068,0,0.9,0.829,0.962,0,0.954,0.849,1.061,0,"SPO2572","hypothetical protein","",0,-0.201,-0.284,-0.201,NA,"yes",NA,"Hypothetical","","",NA,NA,NA,NA
"SPO2713",0.973,0.872,1.077,0,0.905,0.776,1.024,0,0.728,0.577,0.857,0,0.821,0.59,1.017,0,"secA2","Protein translocase subunit SecA 2","SPO_RS13760",0,-0.103,-0.414,-0.242,NA,"yes",NA,NA,"","",NA,NA,NA,NA
"SPO2744",0.736,0.67,0.808,0,0.732,0.675,0.797,0,0.926,0.872,0.981,0,0.907,0.808,0.991,0,"SPO2744","malonate transporter, putative","SPO_RS13940",0,-0.008,0.327,0.298,NA,"yes",NA,NA,"","",NA,NA,NA,NA
"SPO2753",0.728,0.631,0.835,0,0.872,0.8,0.938,0,0.931,0.877,0.98,0,0.926,0.869,0.98,0,"SPO2753","diguanylate cyclase, putative/response regulator","SPO_RS13985",0,0.257,0.351,0.343,NA,"yes","yes","Regulation/Signaling","","",NA,NA,NA,NA
"SPO2796",1.127,1.022,1.237,0,1.138,1.022,1.217,0,0.852,0.808,0.899,0,1.002,0.925,1.112,0,"gph-2","phosphoglycolate phosphatase","SPO_RS14200",0,0.014,-0.399,-0.168,NA,"yes",NA,"Competition","Carbon source","Phosphoglycolate","Catabolic","COG0546","Energy","phosphoglycolate phosphatase"
"SPO2858",0.811,0.699,0.91,0,0.949,0.904,0.999,0,0.979,0.948,1.013,0,0.986,0.944,1.027,0,"SPO2858","hypothetical protein","SPO_RS14510",0,0.224,0.269,0.279,NA,"yes","yes","Hypothetical","","",NA,NA,NA,NA
"SPO2894",0.077,0,0.193,0,0,0,0,0,0.333,0.289,0.378,0,0.206,0,0.419,0,"SPO2894","pH adaption potassium efflux system protein","SPO_RS14685",0,-3.121,1.979,1.312,NA,"yes",NA,"Antimicrobial/Efflux","","","Transport","COG1006","Inorganics","multisubunit potassium/proton antiporter, PhaC subunit (TC 2.A.63.1.1)"
"SPO3018",0.875,0.769,0.966,0,0.875,0.775,0.963,0,1.034,0.999,1.073,0,0.962,0.928,0.995,0,"SPO3018","hypothetical protein","SPO_RS15300",0,0,0.238,0.135,NA,"yes",NA,"Hypothetical","","",NA,NA,NA,NA
"SPO3050",0.641,0.425,0.787,0,0.908,0.768,1.029,0,0.897,0.818,0.989,0,0.886,0.802,0.976,0,"SPO3050","hypothetical protein","",0,0.496,0.478,0.461,NA,"yes","yes","Hypothetical","","",NA,NA,NA,NA
"SPO3065",0.874,0.801,0.957,0,0.992,0.94,1.043,0,1.034,0.96,1.104,0,1.016,0.969,1.08,0,"SPO3065","hypothetical protein","",0,0.181,0.24,0.215,NA,"yes","yes","Hypothetical","","",NA,NA,NA,NA
"SPO3128",0.842,0.784,0.902,0,0.984,0.891,1.074,0,0.952,0.914,0.989,0,0.972,0.936,1.018,0,"fsaB","fructose-6-phosphate aldolase 2","SPO_RS15850",0,0.222,0.175,0.205,NA,"yes","yes","Central Metabolism","Catabolism","Sugar","Catabolic","COG0176","Carbon","transaldolase (EC 2.2.1.2)"
"SPO3255",1.1,1,1.199,3142,1.025,0.716,1.182,2215,0.75,0.653,0.801,4415,1.108,0.88,1.335,1497,"rimM","16S rRNA processing protein RimM","SPO_RS16485",2817.25,-0.101,-0.546,0.01,NA,"yes",NA,NA,"","","Anabolic","COG0806","translation","16S rRNA processing protein RimM"
"SPO3263",0.892,0.837,0.958,0,0.992,0.945,1.036,0,0.997,0.964,1.03,0,0.983,0.926,1.036,0,"SPO3263","hypothetical protein","",0,0.152,0.159,0.139,NA,"yes",NA,"Hypothetical","","",NA,NA,NA,NA
"SPO3385",1.089,1.056,1.121,0,1.056,1.025,1.087,0,1.01,0.979,1.05,0,1.069,1.032,1.109,0,"SPO3385","glycosyl transferase, family 25","SPO_RS17145",0,-0.044,-0.108,-0.026,NA,"yes",NA,NA,"","",NA,NA,NA,NA
"SPO3498",0.967,0.943,0.994,0,0.955,0.901,1.008,0,0.895,0.88,0.911,0,0.998,0.963,1.033,0,"tuf-2","translation elongation factor Tu","SPO_RS17715",0,-0.018,-0.11,0.045,NA,"yes",NA,"Altered environment","Cell Cycle/Growth","Transcription/Ribosome","Anabolic","COG0050","translation","translation elongation factor 1A (EF-1A/EF-Tu)"
"SPO3498a",0.933,0.9,0.966,0,0.879,0.823,0.952,0,0.852,0.819,0.884,0,0.937,0.904,0.97,0,"SPO3498a","hypothetical protein","SPO_RS17720",0,-0.085,-0.13,0.006,NA,"yes",NA,"Hypothetical","","",NA,NA,NA,NA
"SPO3513",0.146,0,0.542,38,0.132,0,0.474,43,0.868,0.642,1.083,5,0.512,0,1.039,15,"rplA","ribosomal protein L1","SPO_RS17795",25.25,-0.136,2.493,1.743,NA,"yes",NA,"Altered environment","Cell Cycle/Growth","Transcription/Ribosome","Anabolic","COG0081","translation","LSU ribosomal protein L1P"
"SPO3805",1.105,1.077,1.142,0,1.059,1.022,1.105,0,1.026,1.005,1.047,0,1.085,1.062,1.105,0,"dmdD","Methylthioacryloyl-CoA hydratase","SPO_RS19305",0,-0.061,-0.106,-0.026,NA,"yes",NA,"Competition","Carbon source","DMSP","Catabolic","COG1024","lipids","methylthioacryloyl-CoA hydratase"
"SPO3843",1.112,1.07,1.148,0,1.036,0.993,1.08,0,1.031,1.003,1.059,0,1.014,0.982,1.046,0,"SPO3843","malonate transporter, putative","SPO_RS19500",0,-0.101,-0.108,-0.132,NA,"yes","yes","Competition","Transporter, primary","Malonate",NA,NA,NA,NA
"SPO3890",0.708,0.549,0.853,0,0.902,0.828,0.978,0,0.937,0.858,1.003,0,0.782,0.681,0.86,0,"coaE","dephospho-CoA kinase","SPO_RS19745",0,0.345,0.399,0.142,NA,"yes",NA,"Crossfeeding","Cofactor","Vitamin B5","Anabolic","COG0237","Coenzyme","dephospho-CoA kinase"
"SPOA0017",0.223,0,0.486,43,0,0,0,35,0.84,0.714,0.972,0,0.268,0,0.672,43,"cmk","cytidylate kinase","SPO_RS19860",30.25,-4.542,1.867,0.255,NA,"yes",NA,"Crossfeeding","Nucleotide","Pyrimidine","Anabolic","COG0283","nucleotide","cytidylate kinase (EC 2.7.4.14)"
"SPOA0070",0.986,0.936,1.039,0,0.956,0.899,1.017,0,0.868,0.819,0.919,0,0.902,0.811,0.983,0,"SPOA0070","polar amino acid ABC transporter permease","SPO_RS20125",0,-0.044,-0.182,-0.127,NA,"yes",NA,"Competition","Transporter, primary","Amino acid","Transport","COG4215","AA","amino acid ABC transporter membrane protein 1, PAAT family (TC 3.A.1.3.-)"
"SPOA0293",1.038,1.018,1.059,0,1.002,0.979,1.025,0,0.965,0.948,0.982,0,0.97,0.945,0.993,0,"pssA","CDP-diacylglycerol--serine O-phosphatidyltransferase","SPO_RS21305",0,-0.05,-0.104,-0.097,NA,"yes",NA,NA,"","","Anabolic","COG1183","lipids","CDP-diacylglycerol--serine O-phosphatidyltransferase (EC 2.7.8.8)"
"SPO0174",0.883,0.79,0.973,0,0.94,0.855,1.046,0,0.929,0.858,1.012,0,1.045,0.986,1.109,0,"SPO0174","hypothetical protein","SPO_RS00890",0,0.089,0.072,0.241,NA,NA,"yes","Hypothetical","","",NA,NA,NA,NA
"SPO0210",0.045,0,0.134,0,0.143,0,0.293,0,0.056,0,0.114,0,0.257,0.2,0.337,0,"leuB","3-isopropylmalate dehydrogenase","SPO_RS01070",0,1.476,0.263,2.279,NA,NA,"yes","Crossfeeding","Amino Acid","Leucine","Anabolic","COG0473","AA, Energy","3-isopropylmalate dehydrogenase"
"SPO0284",0.152,0,0.308,0,0.415,0.162,0.623,0,0.344,0.163,0.509,0,0.657,0.539,0.794,0,"SPO0284","dihydroorotase, multifunctional complex type","SPO_RS01440",0,1.391,1.128,2.042,NA,NA,"yes","Crossfeeding","Nucleotide","Pyrimidine","Amphibolic","COG0044","nucleotide","dihydroorotase (EC 3.5.2.3)"
"SPO0297",0,0,0,620,0.081,0,0.337,618,0.343,0,0.8,621,0.685,0.536,0.88,639,"SPO0297","Sua5/YciO/YrdC family protein","SPO_RS01510",624.5,3.186,5.142,6.119,NA,NA,"yes",NA,"","","Anabolic","COG0009","translation","translation factor SUA5"
"SPO0307",0.806,0.703,0.898,0,0.946,0.889,1.002,0,0.851,0.795,0.895,0,0.99,0.936,1.037,0,"mobA","molybdopterin-guanine dinucleotide biosynthesis protein A","SPO_RS01570",0,0.228,0.077,0.293,NA,NA,"yes","Crossfeeding","Cofactor","Molybdopterin","Anabolic","COG0746","Coenzyme","molybdenum cofactor guanylyltransferase (EC 2.7.7.77)"
"SPO0338",1.078,1.035,1.116,0,1.044,1.011,1.072,0,1.022,0.992,1.05,0,0.998,0.962,1.029,0,"SPO0338","cell division permease protein FtsX, putative","SPO_RS01720",0,-0.046,-0.076,-0.11,NA,NA,"yes","Altered environment","Cell Cycle/Growth","Division",NA,NA,NA,NA
"SPO0345",0.373,0.123,0.542,0,0.381,0.116,0.667,0,0.503,0.42,0.581,0,0.731,0.641,0.831,0,"SPO0345","hypothetical protein","SPO_RS01755",0,0.03,0.422,0.952,NA,NA,"yes","Hypothetical","","",NA,NA,NA,NA
"SPO0520",0.958,0.921,0.997,0,1.036,0.976,1.094,0,1.016,0.99,1.042,0,1.066,1.036,1.097,0,"SPO0520","glutamate/glutamine/aspartate/asparagine ABC transporter, permease protein","SPO_RS02625",0,0.112,0.084,0.153,NA,NA,"yes","Competition","Transporter, primary","Amino acid, N-rich","Transport","COG4597","AA","L-glutamate ABC transporter membrane protein/L-glutamine ABC transporter membrane protein/L-aspartate ABC transporter membrane protein/L-asparagine ABC transporter membrane protein"
"SPO0573",0.646,0.528,0.778,0,0.838,0.768,0.919,0,0.816,0.77,0.861,0,0.903,0.858,0.946,0,"SPO0573","hypothetical protein","SPO_RS02890",0,0.37,0.332,0.477,NA,NA,"yes","Hypothetical","","",NA,NA,NA,NA
"SPO0800",0.785,0.699,0.873,0,0.857,0.785,0.967,0,0.906,0.865,0.942,0,0.938,0.912,0.964,0,"SPO0800","choline sulfatase","SPO_RS04035",0,0.125,0.204,0.254,NA,NA,"yes","Central Metabolism","Catabolism","Choline","Catabolic","COG3119","Inorganics","choline sulfatase, putative"
"SPO0892",0.191,0.104,0.285,0,0.317,0.105,0.455,0,0.192,0.052,0.329,0,0.354,0.286,0.455,0,"purK","phosphoribosylaminoimidazole carboxylase, ATPase subunit","SPO_RS04495",0,0.702,0.007,0.857,NA,NA,"yes","Crossfeeding","Nucleotide","Purine","Anabolic","COG0026","nucleotide","5-(carboxyamino)imidazole ribonucleotide synthase"
"SPO0935",1.099,1.047,1.15,0,1.024,0.981,1.063,0,1.043,1.008,1.073,0,0.982,0.941,1.02,0,"SPO0935","nitroreductase family protein","SPO_RS04700",0,-0.101,-0.075,-0.161,NA,NA,"yes",NA,"","","","COG0778","Energy","nitroreductase family protein"
"SPO0943",0.487,0.145,0.873,0,0.864,0.65,1.083,0,0.896,0.727,1.095,0,1.043,0.889,1.242,0,"SPO0943","hypothetical protein","SPO_RS04735",0,0.814,0.866,1.083,NA,NA,"yes","Hypothetical","","",NA,NA,NA,NA
"SPO0987",0.762,0.668,0.878,0,0.896,0.842,0.972,0,0.846,0.701,0.948,0,0.924,0.889,0.964,0,"znuA","zinc ABC transporter, periplasmic zinc-binding protein","SPO_RS04970",0,0.231,0.149,0.275,NA,NA,"yes",NA,"Transporter","Zinc","Transport","COG4531","Inorganics","zinc ABC transporter, periplasmic zinc-binding protein"
"SPO0993",0.963,0.886,1.039,0,0.968,0.797,1.132,0,0.837,0.631,0.976,0,0.791,0.72,0.869,0,"soxX","monoheme cytochrome c SoxX","SPO_RS05000",0,0.007,-0.2,-0.281,NA,NA,"yes","Central Metabolism","Inorganic oxidation","Sulfide/Thiosulfate",NA,NA,NA,NA
"SPO1189",1.015,0.922,1.106,0,1.064,0.961,1.168,0,1.129,0.96,1.271,0,1.192,1.11,1.267,0,"SPO1189","hypothetical protein","SPO_RS06025",0,0.067,0.152,0.23,NA,NA,"yes","Hypothetical","","",NA,NA,NA,NA
"SPO1226a",0.931,0.876,0.978,0,0.938,0.899,0.979,0,0.973,0.937,1.006,0,1.009,0.982,1.035,0,"SPO1226a","hypothetical protein","SPO_RS22820",0,0.011,0.063,0.115,NA,NA,"yes","Hypothetical","","",NA,NA,NA,NA
"SPO1261",1.16,1.026,1.362,1585,1.172,1.106,1.243,1500,1.14,0.945,1.284,1498,0.919,0.904,0.933,5887,"SPO1261","transcriptional regulator, MarR family","SPO_RS06425",2617.5,0.015,-0.025,-0.333,NA,NA,"yes","Regulation/Signaling","","",NA,NA,NA,NA
"SPO1264",0.893,0.847,0.938,0,0.99,0.932,1.049,0,0.964,0.915,1.011,0,1.029,0.989,1.068,0,"aspC-2","aspartate aminotransferase","SPO_RS06440",0,0.147,0.109,0.202,NA,NA,"yes","Crossfeeding","Amino Acid","Aspartate","Anabolic","COG0436","AA","aspartate aminotransferase"
"SPO1318",0,0,0,0,0.091,0,0.273,0,0.1,0,0.304,0,0.351,0.113,0.515,0,"purA","adenylosuccinate synthetase","SPO_RS06720",0,3.336,3.459,5.174,NA,NA,"yes","Crossfeeding","Nucleotide","Purine","Anabolic","COG0104","nucleotide","Adenylosuccinate synthetase (EC 6.3.4.4)"
"SPO1365",1.055,0.991,1.12,0,0.993,0.931,1.056,0,0.998,0.956,1.046,0,0.922,0.883,0.971,0,"SPO1365","hypothetical protein","SPO_RS06965",0,-0.087,-0.079,-0.192,NA,NA,"yes","Hypothetical","","",NA,NA,NA,NA
"SPO1368",0.526,0.179,0.826,0,0.729,0.615,0.842,0,0.769,0.693,0.845,0,0.934,0.835,1.031,0,"SPO1368","transcriptional regulator, AsnC family","SPO_RS06980",0,0.463,0.539,0.817,NA,NA,"yes","Regulation/Signaling","","",NA,NA,NA,NA
"SPO1373",0.973,0.934,1.008,0,0.906,0.859,0.964,0,0.941,0.914,0.969,0,0.835,0.762,0.89,0,"SPO1373","hypothetical protein","SPO_RS07005",0,-0.102,-0.048,-0.218,NA,NA,"yes","Hypothetical","","",NA,NA,NA,NA
"SPO1375",1.121,1.009,1.255,0,0.975,0.912,1.06,0,0.993,0.926,1.053,0,0.919,0.836,0.999,0,"SPO1375","transcriptional regulator, GntR family","SPO_RS07015",0,-0.199,-0.173,-0.284,NA,NA,"yes","Regulation/Signaling","","",NA,NA,NA,NA
"SPO1588",1.129,1.023,1.241,0,1.01,0.853,1.152,0,0.958,0.818,1.092,0,0.839,0.693,0.986,0,"mgdA","N-methylglutamate dehydrogenase subunit A","SPO_RS08080",0,-0.159,-0.235,-0.424,NA,NA,"yes","Central Metabolism","Catabolism","C1 metabolism","Catabolic","COG0665","AA","N-methylglutamate dehydrogenase subunit A precursor (EC 1.5.99.5)"
"SPO1627",0.958,0.383,1.148,208,0.878,0,1.302,597,0.819,0,1.026,370,0,0,0,3163,"SPO1627","hypothetical protein","SPO_RS08275",1084.5,-0.124,-0.224,-6.597,NA,NA,"yes","Hypothetical","","",NA,"COG2068","Coenzyme","hypothetical protein"
"SPO1727",1.11,0.997,1.245,0,0.892,0.303,1.252,0,1.017,0.923,1.12,0,0.243,0,0.725,9,"SPO1727","polyphosphate kinase 2, putative","SPO_RS08790",2.25,-0.312,-0.125,-2.146,NA,NA,"yes","Competition","Storage, phosphorus","Polyphosphate","Catabolic","COG2326","Energy","polyphosphate kinase 2, putative"
"SPO1757",1.086,1.02,1.147,0,1.021,0.981,1.061,0,0.984,0.888,1.069,0,0.954,0.908,1,0,"kpsS","capsular polysaccharide export protein KpsS","SPO_RS08940",0,-0.088,-0.141,-0.185,NA,NA,"yes","Antimicrobial/Efflux","","",NA,NA,NA,NA
"SPO1838",0.756,0.699,0.815,0,0.941,0.81,1.064,0,0.883,0.731,1.011,0,0.923,0.835,1.007,0,"SPO1838","sugar ABC transporter, permease protein","SPO_RS09350",0,0.312,0.221,0.285,NA,NA,"yes",NA,"Transporter, primary","Sugar","Transport","COG1175","Carbon","carbohydrate ABC transporter membrane protein 1, CUT1 family (TC 3.A.1.1.-)"
"SPO1859",1.178,1.029,1.325,47,0.952,0.816,1.056,38,0.865,0.624,1.077,40,0.249,0,0.967,28,"SPO1859","phosphatase, Ppx/GppA family","SPO_RS09450",38.25,-0.304,-0.441,-2.198,NA,NA,"yes","Competition","Carbon acquisition","Regulation",NA,NA,NA,NA
"SPO1971",0.973,0.846,1.105,0,0.819,0.643,0.984,0,0.84,0.749,0.944,0,0.618,0.376,0.845,0,"SPO1971","enoyl-CoA hydratase/isomerase family protein","SPO_RS10005",0,-0.246,-0.21,-0.646,NA,NA,"yes",NA,"","","Amphibolic","COG1024","lipids","Enoyl-CoA hydratase (EC 4.2.1.17)"
"SPO1984",0.828,0.773,0.882,0,0.819,0.79,0.849,0,0.796,0.757,0.859,0,0.919,0.902,0.936,0,"proA","gamma-glutamyl phosphate reductase","SPO_RS10065",0,-0.016,-0.056,0.149,NA,NA,"yes","Crossfeeding","Amino Acid","Proline","Anabolic","COG0014","AA","glutamate-5-semialdehyde dehydrogenase (EC 1.2.1.41)"
"SPO2041",0.057,0,0.142,0,0.141,0.04,0.229,0,0.123,0,0.248,0,0.283,0.224,0.362,0,"SPO2041","B12 reduction/reactivation protein","SPO_RS10355",0,1.172,0.989,2.129,NA,NA,"yes","Crossfeeding","Cofactor","B12",NA,NA,NA,NA
"SPO2062",1.053,1.016,1.089,0,0.985,0.949,1.019,0,1.007,0.977,1.037,0,0.964,0.909,1.01,0,"SPO2062","hypothetical protein","SPO_RS10460",0,-0.095,-0.064,-0.126,NA,NA,"yes","Hypothetical","","",NA,NA,NA,NA
"SPO2145",0.067,0,0.172,0,0.321,0.073,0.573,0,0.188,0.065,0.313,0,0.464,0.249,0.624,0,"SPO2145","hypothetical protein","SPO_RS10875",0,2.104,1.363,2.622,NA,NA,"yes","Hypothetical","","",NA,NA,NA,NA
"SPO2198",0.186,0,0.376,0,0.276,0.049,0.514,0,0.322,0.102,0.54,0,0.711,0.573,0.852,0,"gap-3","glyceraldehyde-3-phosphate dehydrogenase, type I","SPO_RS11145",0,0.545,0.76,1.879,NA,NA,"yes","Altered environment","Metabolism","Glycolysis","Amphibolic","COG0057","Carbon","glyceraldehyde-3-phosphate dehydrogenase (NAD+) (EC 1.2.1.12)"
"SPO2242",0.2,0.045,0.378,0,0.51,0.374,0.638,0,0.459,0.29,0.607,0,0.629,0.522,0.748,0,"pdhC","pyruvate dehydrogenase complex, E2 component, dihydrolipoamide acetyltransferase","SPO_RS11365",0,1.308,1.159,1.605,NA,NA,"yes","Altered environment","Metabolism","TCA","Catabolic","COG0508","Energy","pyruvate dehydrogenase complex, E2 component, dihydrolipoamide acetyltransferase"
"SPO2287",1.005,0.961,1.044,0,1.062,1.032,1.093,0,1.07,1.04,1.096,0,1.096,1.065,1.123,0,"SPO2287","autoinducer synthesis protein","SPO_RS11595",0,0.079,0.09,0.124,NA,NA,"yes","Regulation/Signaling","","",NA,NA,NA,NA
"SPO2306",1.713,1.598,1.788,3140,1.619,1.517,1.686,3136,NA,NA,NA,10000,1.459,1.314,1.557,358,"SPO2306","hypothetical protein","SPO_RS23105",4158.5,-0.081,NA,-0.23,NA,NA,"yes","Hypothetical","","",NA,NA,NA,NA
"SPO2573",1.099,1.062,1.129,0,1.138,1.111,1.179,0,1.083,1.045,1.122,0,1.19,1.139,1.229,0,"SPO2573","bacterial extracellular solute-binding protein, family 7","SPO_RS13055",0,0.05,-0.021,0.114,NA,NA,"yes",NA,"","",NA,NA,NA,NA
"SPO2633",0,0,0,0,0.235,0,0.705,0,0,0,0,0,0.703,0.23,1.022,0,"SPO2633","hypothetical protein","SPO_RS13355",0,4.615,0,6.156,NA,NA,"yes","Hypothetical","","",NA,NA,NA,NA
"SPO2634",0,0,0,0,0.244,0,0.499,0,0,0,0,0,0.592,0.481,0.734,0,"SPO2634","sulfite reductase, putative","SPO_RS13360",0,4.667,0,5.912,NA,NA,"yes","Crossfeeding","Sulfur Metabolism","Reduced sulfur","Anabolic","COG0155","Inorganics","sulfite reductase, putative"
"SPO2650",0.55,0.175,0.805,0,0.661,0.22,0.933,0,0.907,0.689,1.15,0,1.004,0.893,1.143,0,"SPO2650","methyltransferase, FkbM family","SPO_RS13440",0,0.261,0.711,0.857,NA,NA,"yes",NA,"","",NA,NA,NA,NA
"SPO2654",0,0,0,0,0.275,0,0.553,0,0.16,0,0.328,0,0.735,0.66,0.816,0,"pyrE","orotate phosphoribosyltransferase","SPO_RS13465",0,4.833,4.087,6.219,NA,NA,"yes","Crossfeeding","Nucleotide","Pyrimidine","Anabolic","COG0461","nucleotide","orotate phosphoribosyltransferase (EC 2.4.2.10)"
"SPO2666",0.891,0.822,0.967,0,0.747,0.586,0.913,0,0.893,0.811,0.984,0,0.669,0.562,0.77,0,"SPO2666","polar amino acid uptake family ABC transporter, permease protein","SPO_RS13525",0,-0.251,0.003,-0.408,NA,NA,"yes","Competition","Transporter, primary","Amino acid","Transport","COG0765","AA","amino acid ABC transporter membrane protein 1, PAAT family (TC 3.A.1.3.-)"
"SPO2920",0.808,0.773,0.845,0,0.86,0.818,0.901,0,0.858,0.814,0.897,0,0.888,0.846,0.925,0,"fabJ-1","fatty oxidation complex, alpha subunit","SPO_RS14810",0,0.089,0.086,0.135,NA,NA,"yes","Central Metabolism","Catabolism","Fatty Acid","Catabolic","COG1024,COG1250","lipids","3-hydroxyacyl-CoA dehydrogenase (EC 1.1.1.35)"
"SPO2958",0.398,0.3,0.533,0,0.533,0.328,0.713,0,0.55,0.37,0.657,0,0.751,0.707,0.789,0,"SPO2958","inositol monophosphatase family protein","SPO_RS15000",0,0.412,0.457,0.899,NA,NA,"yes","Crossfeeding","Amino Acid","Histidine","Anabolic","COG0483","Carbon","inositol monophosphatase family protein"
"SPO2988",1.107,1.063,1.153,0,1.047,1.009,1.089,0,1.035,0.996,1.066,0,0.975,0.924,1.018,0,"SPO2988","hypothetical protein","SPO_RS15145",0,-0.08,-0.096,-0.181,NA,NA,"yes","Hypothetical","","",NA,NA,NA,NA
"SPO3074",0.499,0.309,0.731,0,0.525,0.171,0.816,0,0.598,0.192,0.906,0,0.891,0.773,1.042,0,"ctaG","cytochrome c oxidase assembly protein CtaG","SPO_RS15575",0,0.072,0.256,0.824,NA,NA,"yes","Altered environment","Energy","Aerobic Respiration","Catabolic","COG3175","Energy","cytochrome C oxidase assembly protein"
"SPO3091",1.054,0.997,1.11,0,1.003,0.955,1.048,0,0.972,0.919,1.019,0,0.958,0.914,0.996,0,"SPO3091","type II secretion system protein F (GspF)","SPO_RS15665",0,-0.071,-0.116,-0.136,NA,NA,"yes",NA,"","",NA,NA,NA,NA
"SPO3100",1.003,0.97,1.037,0,1.004,0.971,1.037,0,0.994,0.952,1.042,0,1.079,1.038,1.119,0,"SPO3100","hypothetical protein","SPO_RS15710",0,0.001,-0.013,0.104,NA,NA,"yes","Hypothetical","","",NA,NA,NA,NA
"SPO3167",1.026,0.955,1.098,0,0.958,0.892,1.027,0,0.993,0.949,1.036,0,0.852,0.758,0.935,0,"SPO3167","hypothetical protein","SPO_RS16045",0,-0.098,-0.047,-0.265,NA,NA,"yes","Hypothetical","","",NA,NA,NA,NA
"SPO3169",0.47,0.428,0.512,0,0.534,0.437,0.63,0,0.488,0.428,0.557,0,0.629,0.592,0.666,0,"clpA","ATP-dependent Clp protease, ATP-binding subunit ClpA","SPO_RS16055",0,0.181,0.053,0.413,NA,NA,"yes",NA,"","",NA,NA,NA,NA
"SPO3210",1.083,0.975,1.18,0,0.938,0.698,1.106,0,0.982,0.931,1.04,0,0.468,0,0.952,0,"SPO3210","hypothetical protein","SPO_RS16260",0,-0.205,-0.14,-1.193,NA,NA,"yes","Hypothetical","","",NA,NA,NA,NA
"SPO3217",0.784,0.723,0.851,0,0.892,0.837,0.951,0,0.855,0.787,0.924,0,0.959,0.913,1.007,0,"def-1","peptide deformylase","SPO_RS16295",0,0.184,0.124,0.287,NA,NA,"yes","Central Metabolism","Catabolism","Peptide","Catabolic","COG0242","translation","peptide deformylase"
"SPO3230",1.1,1.064,1.133,0,1.033,1.004,1.058,0,1.03,0.983,1.077,0,1.024,0.989,1.062,0,"SPO3230","aminotransferase, classes I and II","SPO_RS16360",0,-0.09,-0.094,-0.102,NA,NA,"yes",NA,"","","","COG1167","AA","aminotransferase, classes I and II"
"SPO3256",0,0,0,0,0.14,0,0.381,0,0.129,0,0.261,0,0.245,0.082,0.375,0,"rpmE","ribosomal protein L31","SPO_RS16490",0,3.907,3.797,4.672,NA,NA,"yes","Altered environment","Cell Cycle/Growth","Transcription/Ribosome","Anabolic","COG0254","translation","LSU ribosomal protein L31P"
"SPO3327",0.931,0.915,0.946,0,0.966,0.938,0.991,0,0.961,0.911,0.996,0,1.008,0.984,1.035,0,"SPO3327","creatinase","SPO_RS16855",0,0.053,0.045,0.113,NA,NA,"yes","Central Metabolism","Catabolism","Creatine","Catabolic","COG0006","AA","creatinase"
"SPO3360",1.078,1.036,1.116,0,1.009,0.975,1.045,0,1.025,1,1.049,0,0.987,0.959,1.014,0,"kbl","2-amino-3-ketobutyrate coenzyme A ligase","SPO_RS17020",0,-0.095,-0.072,-0.126,NA,NA,"yes","Central Metabolism","Catabolism","Threonine","Catabolic","COG0156","Coenzyme","2-amino-3-ketobutyrate coenzyme A ligase (EC 2.3.1.29)"
"SPO3420",0.971,0.939,1.004,0,1.001,0.959,1.045,0,0.948,0.923,0.977,0,1.083,1.054,1.115,0,"SPO3420","hypothetical protein","SPO_RS17315",0,0.043,-0.034,0.156,NA,NA,"yes","Hypothetical","","",NA,NA,NA,NA
"SPO3442",1.027,0.985,1.068,0,0.961,0.91,1.028,0,0.97,0.933,1.006,0,0.944,0.914,0.975,0,"SPO3442","PmbA","SPO_RS17425",0,-0.095,-0.082,-0.12,NA,NA,"yes",NA,"","",NA,NA,NA,NA
"SPO3464",0.504,0.267,0.733,0,0.807,0.646,0.931,0,0.782,0.706,0.862,0,0.959,0.897,1.033,0,"SPO3464","hypothetical protein","SPO_RS17545",0,0.669,0.624,0.915,NA,NA,"yes","Hypothetical","","",NA,NA,NA,NA
"SPO3524",0.953,0.897,1.009,0,0.913,0.837,0.975,0,0.984,0.945,1.021,0,0.859,0.819,0.895,0,"ccoQ-1","cytochrome c oxidase, cbb3-type, subunit IV","SPO_RS17855",0,-0.061,0.046,-0.148,NA,NA,"yes","Altered environment","Energy","Low O2 Respiration","Catabolic","COG4736","Energy","cytochrome c oxidase, cbb3-type, subunit IV"
"SPO3539",0.006,0,0.017,0,0.074,0,0.152,0,0.038,0,0.116,0,0.204,0.064,0.303,0,"SPO3539","prephenate dehydratase","SPO_RS17930",0,2.392,1.585,3.741,NA,NA,"yes","Crossfeeding","Amino Acid","Phenylalanine","Anabolic","COG0077","AA","prephenate dehydratase (EC 4.2.1.51)"
"SPO3570",0.881,0.843,0.918,0,0.927,0.892,0.959,0,0.937,0.896,0.98,0,0.982,0.94,1.019,0,"SPO3570","putative protein TIGR00103","SPO_RS18085",0,0.073,0.088,0.155,NA,NA,"yes",NA,"","",NA,NA,NA,NA
"SPO3634",0.671,0.62,0.732,0,0.798,0.594,0.926,0,0.771,0.668,0.864,0,0.828,0.788,0.868,0,"moaD","molybdopterin converting factor, subunit 1","SPO_RS18410",0,0.247,0.198,0.299,NA,NA,"yes","Crossfeeding","Cofactor","Molybdopterin","Anabolic","COG1977","Coenzyme","molybdopterin synthase subunit MoaD (EC 2.8.1.12)"
"SPO3806",0.703,0.624,0.791,0,0.86,0.728,0.969,0,0.81,0.762,0.859,0,0.908,0.863,0.954,0,"smpB","SsrA-binding protein","SPO_RS19310",0,0.287,0.202,0.365,NA,NA,"yes",NA,"","",NA,NA,NA,NA
"SPO3811",1.04,1.007,1.075,0,1.006,0.988,1.021,0,1.001,0.988,1.015,0,0.969,0.947,0.992,0,"SPO3811","hypothetical protein","SPO_RS19340",0,-0.047,-0.055,-0.101,NA,NA,"yes","Hypothetical","","",NA,NA,NA,NA
"SPO3901",1.067,1.016,1.117,0,0.979,0.894,1.069,0,1.015,0.974,1.056,0,0.859,0.771,0.944,0,"SPO3901","carbon monoxide dehydrogenase G protein, putative","SPO_RS18460",0,-0.123,-0.071,-0.31,NA,NA,"yes","Competition","Carbon source","Carbon monoxide","Catabolic","COG3427","Energy","carbon monoxide dehydrogenase G protein, putative"
"SPOA0051",0.965,0.918,1.014,0,0.903,0.874,0.939,0,0.916,0.89,0.941,0,0.869,0.828,0.915,0,"nosD","nitrous oxide maturation protein NosD","SPO_RS20030",0,-0.095,-0.074,-0.15,NA,NA,"yes","Altered environment","Energy","Low O2 Respiration","Catabolic","COG3420","Inorganics","nitrous oxide maturation protein NosD"
"SPOA0227",0.892,0.846,0.932,0,0.955,0.913,0.997,0,0.956,0.928,0.98,0,1.003,0.958,1.05,0,"nirJ","nitrite reductase heme biosynthesis J protein","SPO_RS20970",0,0.097,0.099,0.167,NA,NA,"yes","Altered environment","Energy","Low O2 Respiration",NA,NA,NA,NA
"SPOA0325",1.04,0.973,1.11,0,0.995,0.918,1.079,0,0.932,0.863,1.014,0,0.901,0.838,0.969,0,"SPOA0325","2-nitropropane dioxygenase","SPO_RS21465",0,-0.063,-0.157,-0.205,NA,NA,"yes","Central Metabolism","Nitrogen","Nitroalkane",NA,NA,NA,NA
"SPOA0348",0.965,0.905,1.021,0,0.975,0.947,1.008,0,0.944,0.907,0.979,0,0.84,0.784,0.893,0,"SPOA0348","hypothetical protein","SPO_RS21600",0,0.015,-0.031,-0.198,NA,NA,"yes","Hypothetical","","",NA,NA,NA,NA
"SPOA0383",1.017,0.978,1.054,0,1.018,0.975,1.075,0,0.945,0.894,1.003,0,0.911,0.844,0.975,0,"SPOA0383","spermidine/putrescine ABC transporter, permease protein","SPO_RS21775",0,0.001,-0.105,-0.157,NA,NA,"yes","Competition","Transporter, primary","Polyamine","Transport","COG1176","AA","spermidine/putrescine ABC transporter, permease protein"
