spo,gene,funct,NCBI,pval_vib,padj_vib,pval_mari,padj_mari,pval_cc,padj_cc,meanW_rpomAlone,semW_rpomAlone,meanW_vib,semW_vib,meanW_mari,semW_mari,meanW_CC,semW_CC,sig_vib,Vib_fold_diff,sig_mari,Mari_fold_diff,sig_cc,CC_fold_diff
SPO0015,SPO0015,hypothetical protein,SPO_RS00075,0,0,0,0,0,0,1.1,0.032,1,0.015,1,0.011,1,0.012,yes,-0.14,yes,-0.14,yes,-0.14
SPO0018,argG,argininosuccinate synthase,SPO_RS00090,0,0,NA,NA,NA,NA,0,0,0.094,0.094,0.067,0.039,0.12,0.071,yes,3.4,NA,2.9,NA,3.7
SPO0071,SPO0071,"competence protein F, putative",SPO_RS00360,0,0,NA,NA,0,0,1.1,0.022,0.97,0.033,0.99,0.026,0.92,0.037,yes,-0.18,NA,-0.15,yes,-0.26
SPO0078,SPO0078,"ribosomal subunit interface protein, putative",SPO_RS00395,0,0,NA,NA,NA,NA,1.1,0.004,1,0.006,1.1,0.015,1,0.017,yes,-0.14,NA,0,NA,-0.14
SPO0084,betB,betaine aldehyde dehydrogenase,SPO_RS00425,0,0,0,0,NA,NA,1.1,0.013,1,0.007,1,0.008,1,0.016,yes,-0.14,yes,-0.14,NA,-0.14
SPO0095,pncB,nicotinate phosphoribosyltransferase,SPO_RS00480,0,0,NA,NA,NA,NA,0.89,0.016,0.96,0.014,0.96,0.007,0.94,0.026,yes,0.11,NA,0.11,NA,0.078
SPO0102,panB,3-methyl-2-oxobutanoate hydroxymethyltransferase,SPO_RS00515,0,0,0,0,0,0,0.74,0.032,1,0.013,0.99,0.013,1,0.017,yes,0.43,yes,0.42,yes,0.43
SPO0124,mepA,murein endopeptidase,SPO_RS00635,0,0,0,0,0,0,1.1,0.006,1,0.005,1,0.004,1,0.007,yes,-0.14,yes,-0.14,yes,-0.14
SPO0146,mutM,formamidopyrimidine-DNA glycosylase,SPO_RS00750,0,0,0,0,NA,NA,1.1,0.019,1,0.013,1,0.011,1,0.027,yes,-0.14,yes,-0.14,NA,-0.14
SPO0160,SPO0160,hypothetical protein,SPO_RS00820,0,0,0,0,0,0,1.1,0.017,1,0.011,1,0.006,1,0.017,yes,-0.14,yes,-0.14,yes,-0.14
SPO0186,tctC,TctC solute-binding protein; tripartite tricarboxylate TTT transporter,SPO_RS00950,0,0,0,0,0,0,1.1,0.011,1,0.009,1,0.007,1,0.016,yes,-0.14,yes,-0.14,yes,-0.14
SPO0215,leuD-1,"3-isopropylmalate dehydratase, small subunit",SPO_RS01095,0,0,NA,NA,0,0,0.19,0.023,0.42,0.029,0.29,0.065,0.33,0.041,yes,1.1,NA,0.58,yes,0.77
SPO0220,rimH,Ribosomal RNA large subunit methyltransferase H (EC 2.1.1.177),SPO_RS01120,0,0,0,0,0,0,1.1,0.03,1,0.015,1,0.006,0.99,0.009,yes,-0.14,yes,-0.14,yes,-0.15
SPO0227,SPO0227,"PaxA, putative",,0,0,0,0,0,0,1.1,0.013,1,0.005,1,0.007,1,0.012,yes,-0.14,yes,-0.14,yes,-0.14
SPO0248,ispA,farnesyl diphosphate synthase,SPO_RS01265,0,0,0,0,0,0,1.1,0.018,0.98,0.034,0.99,0.01,0.95,0.03,yes,-0.17,yes,-0.15,yes,-0.21
SPO0254,ohr,organic hydroperoxide resistance protein,SPO_RS01295,0,0,NA,NA,0,0,1.1,0.008,1,0.011,1.1,0.009,1,0.006,yes,-0.14,NA,0,yes,-0.14
SPO0289,SPO0289,Ser/Thr protein phosphatase family protein,SPO_RS01470,0,0,NA,NA,NA,NA,0.78,0.022,0.94,0.028,0.87,0.039,0.88,0.025,yes,0.27,NA,0.16,NA,0.17
SPO0332,argH,argininosuccinate lyase,SPO_RS01690,0,0,NA,NA,NA,NA,0,0,0.058,0.058,0,0,0,0,yes,2.8,NA,0,NA,0
SPO0337,ftsE,cell division ATP-binding protein FtsE,SPO_RS01715,0,0,0,0,0,0,1.1,0.016,1,0.006,1,0.008,1,0.011,yes,-0.14,yes,-0.14,yes,-0.14
SPO0338,SPO0338,"cell division permease protein FtsX, putative",SPO_RS01720,0,0,0,0,0,0,1.1,0.026,1,0.023,1,0.022,1,0.02,yes,-0.14,yes,-0.14,yes,-0.14
SPO0344a,SPO0344a,hypothetical protein,SPO_RS01750,0,0,0,0,NA,NA,0.49,0.043,0.83,0.049,0.73,0.029,0.9,0.043,yes,0.75,yes,0.57,NA,0.86
SPO0367,SPO0367,"DNA-binding protein, H-NS family",SPO_RS01860,0,0,NA,NA,NA,NA,0.95,0.005,1,0.007,0.87,0.041,0.95,0.008,yes,0.073,NA,-0.13,NA,0
SPO0388,SPO0388,"aminotransferase, class IV",SPO_RS01965,0,0,0,0,0,0,1.1,0.004,1,0.021,1,0.01,1,0.008,yes,-0.14,yes,-0.14,yes,-0.14
SPO0415,SPO0415,D-isomer specific 2-hydroxyacid dehydrogenase family protein,SPO_RS02100,0,0,NA,NA,NA,NA,1,0.015,0.92,0.024,1,0.013,1,0.02,yes,-0.12,NA,0,NA,0
SPO0435,SPO0435,"acyl-CoA thioesterase, putative",SPO_RS02200,0,0,NA,NA,NA,NA,1,0.014,1.1,0.033,0.99,0.035,0.99,0.033,yes,0.14,NA,-0.014,NA,-0.014
SPO0437,SPO0437,cold shock family protein,SPO_RS02210,0,0,NA,NA,NA,NA,0.97,0.025,1.1,0.031,0.98,0.021,1,0.016,yes,0.18,NA,0.015,NA,0.044
SPO0454,SPO0454,"transcriptional regulator, LysR family",SPO_RS02295,0,0,0,0,0,0,1.1,0.01,1,0.015,1,0.014,0.99,0.009,yes,-0.14,yes,-0.14,yes,-0.15
SPO0481,SPO0481,"acetyltransferase, GNAT family",SPO_RS02425,0,0,0,0,NA,NA,1.1,0.016,1,0.026,1,0.017,1.1,0.02,yes,-0.14,yes,-0.14,NA,0
SPO0522,SPO0522,"glutamate/glutamine/aspartate/asparagine ABC transporter, ATP-binding protein",SPO_RS02635,0,0,NA,NA,NA,NA,0.94,0.025,1.1,0.022,0.99,0.014,1,0.028,yes,0.22,NA,0.074,NA,0.088
SPO0576,SPO0576,"transcriptional regulator, TetR family",SPO_RS22105,0,0,0,0,NA,NA,1.1,0.011,1,0.03,1,0.024,1.1,0.03,yes,-0.14,yes,-0.14,NA,0
SPO0590,hpsR,"transcriptional regulator, LacI family",SPO_RS02975,0,0,NA,NA,NA,NA,0.59,0.14,0.92,0.034,0.77,0.051,0.92,0.034,yes,0.63,NA,0.38,NA,0.63
SPO0655,SPO0655,hypothetical protein,SPO_RS03310,0,0,NA,NA,NA,NA,0.96,0.027,0.61,0.16,1,0.037,0.9,0.064,yes,-0.65,NA,0.058,NA,-0.092
SPO0717,bhbD,3-hydroxybutyryl-CoA dehydrogenase,SPO_RS03620,0,0,0,0,NA,NA,1.1,0.022,1,0.023,1,0.023,1,0.024,yes,-0.14,yes,-0.14,NA,-0.14
SPO0754,paaJ,phenylacetic acid degradation protein PaaJ,SPO_RS03805,0,0,0,0,0,0,1.1,0.018,1,0.02,0.99,0.023,1,0.021,yes,-0.14,yes,-0.15,yes,-0.14
SPO0755,paaI,phenylacetic acid degradation protein PaaI,SPO_RS03810,0,0,0,0,0,0,1,0.018,1.1,0.03,1.1,0.009,1.1,0.003,yes,0.14,yes,0.14,yes,0.14
SPO0779,rpe,ribulose-phosphate 3-epimerase,SPO_RS03930,0,0,NA,NA,NA,NA,0,0,0.1,0.1,0.071,0.071,0.18,0.12,yes,3.5,NA,3,NA,4.2
SPO0801,fadD,4-coumarate:CoA ligase,SPO_RS04040,0,0,NA,NA,NA,NA,0.98,0.032,0.83,0.017,0.95,0.036,0.94,0.021,yes,-0.24,NA,-0.044,NA,-0.06
SPO0882,SPO0882,hypothetical protein,,0,0,NA,NA,NA,NA,0.98,0.046,1.1,0.012,1,0.052,0.99,0.089,yes,0.17,NA,0.029,NA,0.014
SPO0888,SPO0888,"acetyltransferase, GNAT family",,0,0,NA,NA,NA,NA,1,0.027,1.1,0.027,1,0.035,1,0.068,yes,0.14,NA,0,NA,0
SPO0898,SPO0898,hypothetical protein,SPO_RS04525,0,0,0,0,NA,NA,1.1,0.022,1,0.011,1,0.021,1.1,0.019,yes,-0.14,yes,-0.14,NA,0
SPO0910,SPO0910,hypothetical protein,SPO_RS04585,0,0,NA,NA,0,0,1.1,0.013,1,0.018,1,0.018,1,0.02,yes,-0.14,NA,-0.14,yes,-0.14
SPO0913,SPO0913,D-isomer specific 2-hydroxyacid dehydrogenase family protein,SPO_RS04600,0,0,NA,NA,NA,NA,1,0.014,1.1,0.024,1,0.01,1,0.028,yes,0.14,NA,0,NA,0
SPO0929,SPO0929,"type II DNA modification methyltransferase, putative",SPO_RS04675,0,0,NA,NA,NA,NA,1.2,0.077,0.83,0.16,1.1,0.058,1.1,0.09,yes,-0.53,NA,-0.12,NA,-0.12
SPO0942,SPO0942,hypothetical protein,SPO_RS04730,0,0,NA,NA,NA,NA,1.1,0.027,1,0.055,1.1,0.044,1.1,0.019,yes,-0.14,NA,0,NA,0
SPO0945,SPO0945,AsmA family protein,SPO_RS04745,0,0,NA,NA,0,0,1.1,0.01,1,0.044,1.1,0.019,1,0.024,yes,-0.14,NA,0,yes,-0.14
SPO0955,SPO0955,amidohydrolase domain protein,SPO_RS04795,0,0,0,0,NA,NA,1.1,0.014,1,0.025,0.98,0.023,1,0.022,yes,-0.14,yes,-0.17,NA,-0.14
SPO1007,SPO1007,hypothetical protein,SPO_RS05070,0,0,0,0,0,0,1.2,0.033,1.1,0.016,1,0.023,1.1,0.019,yes,-0.12,yes,-0.26,yes,-0.12
SPO1042,SPO1042,hypothetical protein,SPO_RS05250,0,0,NA,NA,NA,NA,0.84,0.064,1.1,0.052,0.9,0.053,0.98,0.047,yes,0.39,NA,0.098,NA,0.22
SPO1094a,SPO1094a,hypothetical protein,SPO_RS05555,0,0,0,0,NA,NA,1.1,0.022,0.98,0.016,1,0.013,1,0.024,yes,-0.17,yes,-0.14,NA,-0.14
SPO1109,SPO1109,endonuclease/exonuclease/phosphatase family protein,SPO_RS05625,0,0,NA,NA,NA,NA,0.91,0.02,1,0.02,0.96,0.044,0.95,0.024,yes,0.13,NA,0.076,NA,0.061
SPO1126,SPO1126,cytochrome c family protein,SPO_RS05715,0,0,NA,NA,NA,NA,1.1,0.028,1,0.015,1,0.044,1.1,0.039,yes,-0.14,NA,-0.14,NA,0
SPO1127,SPO1127,cytochrome c family protein,SPO_RS05720,0,0,NA,NA,NA,NA,0.98,0.048,0.66,0.11,1,0.081,0.9,0.1,yes,-0.56,NA,0.029,NA,-0.12
SPO1171,pyc,pyruvate carboxylase,SPO_RS05935,0,0,0,0,0,0,1.1,0.019,0.99,0.022,0.97,0.012,0.99,0.01,yes,-0.15,yes,-0.18,yes,-0.15
SPO1189,SPO1189,hypothetical protein,SPO_RS06025,0,0,NA,NA,NA,NA,1,0.018,1.1,0.058,1.1,0.075,1.2,0.045,yes,0.14,NA,0.14,NA,0.26
SPO1207,recN,DNA repair protein RecN,SPO_RS06125,0,0,0,0,NA,NA,1.1,0.02,0.91,0.061,1,0.008,1.1,0.054,yes,-0.27,yes,-0.14,NA,0
SPO1210,SPO1210,"oligopeptide ABC transporter, periplasmic oligopeptide-binding protein",SPO_RS06140,0,0,0,0,0,0,1.1,0.026,0.99,0.012,1,0.023,1,0.025,yes,-0.15,yes,-0.14,yes,-0.14
SPO1219,SPO1219,"site-specific recombinase, phage integrase family",SPO_RS06195,0,0,0,0,0,0,1.1,0.004,1,0.012,1,0.005,1,0.005,yes,-0.14,yes,-0.14,yes,-0.14
SPO1240,SPO1240,"type I secretion outer membrane protein, TolC family",SPO_RS06315,0,0,NA,NA,0,0,0.44,0.1,0.83,0.068,0.58,0.033,0.83,0.052,yes,0.9,NA,0.39,yes,0.9
SPO1245,SPO1245,"ABC transporter, permease protein",SPO_RS06340,0,0,NA,NA,NA,NA,1,0.026,1.1,0.015,1,0.019,1,0.021,yes,0.14,NA,0,NA,0
SPO1249,SPO1249,"paraquat-inducible protein, putative",SPO_RS06365,0,0,0,0,0,0,1.1,0.017,1,0.025,1,0.015,1,0.009,yes,-0.14,yes,-0.14,yes,-0.14
SPO1284,SPO1284,"transcriptional regulator, ArsR family",SPO_RS06540,0,0,0,0,NA,NA,1.1,0.016,1,0.017,1,0.01,1,0.026,yes,-0.14,yes,-0.14,NA,-0.14
SPO1333,SPO1333,"periplasmic serine protease, DO/DeqQ family",SPO_RS06795,0,0,NA,NA,NA,NA,0.96,0.042,1.1,0.04,1,0.031,1,0.036,yes,0.19,NA,0.058,NA,0.058
SPO1412,SPO1412,DNA modification methyltransferase domain protein,SPO_RS07205,0,0,0,0,0,0,1.1,0.011,1,0.011,1,0.017,1,0.029,yes,-0.14,yes,-0.14,yes,-0.14
SPO1413,pepF,oligoendopeptidase F,SPO_RS07210,0,0,0,0,0,0,1.1,0.021,1,0.029,1,0.014,1,0.018,yes,-0.14,yes,-0.14,yes,-0.14
SPO1427,SPO1427,hypothetical protein,SPO_RS07280,0,0,NA,NA,NA,NA,1.1,0.051,0.97,0.031,1,0.019,0.99,0.026,yes,-0.18,NA,-0.14,NA,-0.15
SPO1439,SPO1439,"DNA binding protein, putative",SPO_RS07335,0,0,NA,NA,0,0,1,0.038,1.1,0.022,1,0.029,1.1,0.013,yes,0.14,NA,0,yes,0.14
SPO1443,rhlE,ATP-dependent RNA helicase RhlE,SPO_RS07355,0,0,NA,NA,NA,NA,0.71,0.029,0.95,0.039,0.9,0.022,0.93,0.041,yes,0.42,NA,0.34,NA,0.38
SPO1519,coxL-1,"carbon monoxide dehydrogenase, large subunit",SPO_RS07730,0,0,NA,NA,0,0,1.1,0.022,0.95,0.014,1,0.031,0.91,0.032,yes,-0.21,NA,-0.14,yes,-0.27
SPO1545,SPO1545,"peptide/opine/nickel uptake family ABC transporter, permease protein",SPO_RS07865,0,0,NA,NA,NA,NA,1,0.045,1.1,0.009,1.1,0.021,0.94,0.021,yes,0.14,NA,0.14,NA,-0.088
SPO1557,fhs-1,formate--tetrahydrofolate ligase,SPO_RS07925,0,0,0,0,0,0,1.1,0.023,1,0.02,1,0.017,1,0.014,yes,-0.14,yes,-0.14,yes,-0.14
SPO1594,SPO1594,"mandelate racemase/muconate lactonizing enzyme, putative",SPO_RS08110,0,0,0,0,NA,NA,1.3,0.063,1.1,0.088,1.1,0.079,1.1,0.088,yes,-0.24,yes,-0.24,NA,-0.24
SPO1651,SPO1651,hypothetical protein,SPO_RS08390,0,0,NA,NA,NA,NA,0.99,0.025,0.75,0.087,0.92,0.034,0.84,0.076,yes,-0.4,NA,-0.1,NA,-0.23
SPO1723,uxuA,mannonate dehydratase,SPO_RS08770,0,0,0,0,0,0,1.3,0.02,1,0.008,1,0.038,1.1,0.016,yes,-0.38,yes,-0.38,yes,-0.24
SPO1746,SPO1746,"sarcosine oxidase, alpha subunit family",SPO_RS08885,0,0,NA,NA,NA,NA,1,0.011,0.9,0.045,0.96,0.034,0.92,0.035,yes,-0.15,NA,-0.058,NA,-0.12
SPO1814,SPO1814,"TRAP dicarboxylate transporter, DctP subunit, putative",SPO_RS09230,0,0,0,0,0,0,1.2,0.035,1,0.044,1,0.003,1,0.008,yes,-0.26,yes,-0.26,yes,-0.26
SPO1832,SPO1832,"branched-chain amino acid ABC transporter, permease protein",SPO_RS09320,0,0,0,0,NA,NA,1.1,0.04,0.99,0.01,1,0.02,1,0.051,yes,-0.15,yes,-0.14,NA,-0.14
SPO1862,SPO1862,metFprotein-like protein,SPO_RS09465,0,0,NA,NA,NA,NA,0.91,0.027,1.1,0.032,0.94,0.064,0.98,0.044,yes,0.27,NA,0.046,NA,0.11
SPO1932,SPO1932,beta-ketoacyl synthase family protein,SPO_RS09810,0,0,0,0,0,0,1,0.02,1.1,0.018,1.1,0.021,1.1,0.019,yes,0.14,yes,0.14,yes,0.14
SPO1949,pstC,"phosphate ABC transporter, permease protein",SPO_RS09895,0,0,0,0,NA,NA,1.1,0.019,1,0.023,1,0.018,1.1,0.032,yes,-0.14,yes,-0.14,NA,0
SPO1950,pstA,"phosphate ABC transporter, permease protein",SPO_RS09900,0,0,0,0,NA,NA,1.1,0.019,1,0.017,1,0.012,1,0.027,yes,-0.14,yes,-0.14,NA,-0.14
SPO1973,aroQ,"3-dehydroquinate dehydratase, type II",SPO_RS10015,0,0,NA,NA,NA,NA,0,0,0.14,0.14,0,0,0,0,yes,3.9,NA,0,NA,0
SPO1978,SPO1978,hypothetical protein,SPO_RS10040,0,0,NA,NA,NA,NA,1,0.015,0.82,0.051,0.92,0.078,0.93,0.034,yes,-0.28,NA,-0.12,NA,-0.1
SPO1983,chpT,histidine phosphotransferase,SPO_RS10060,0,0,NA,NA,NA,NA,1.1,0.033,1,0.024,0.95,0.072,0.97,0.043,yes,-0.14,NA,-0.21,NA,-0.18
SPO2062,SPO2062,hypothetical protein,SPO_RS10460,0,0,0,0,0,0,1.1,0.027,0.98,0.01,1,0.015,0.96,0.022,yes,-0.17,yes,-0.14,yes,-0.19
SPO2075,SPO2075,hypothetical protein,SPO_RS10525,0,0,NA,NA,NA,NA,1,0.041,1.1,0.029,1,0.021,1.1,0.036,yes,0.14,NA,0,NA,0.14
SPO2081,hfq,RNA-binding protein Hfq,SPO_RS10555,0,0,NA,NA,NA,NA,0.67,0.045,0.88,0.042,0.84,0.047,0.75,0.037,yes,0.39,NA,0.32,NA,0.16
SPO2086,ntrY,nitrogen regulation protein ntrY,SPO_RS10580,0,0,NA,NA,NA,NA,0.75,0.039,0.9,0.042,0.72,0.046,0.8,0.06,yes,0.26,NA,-0.058,NA,0.092
SPO2099,cycF,cytochrome c-554,SPO_RS10645,0,0,NA,NA,0,0,1.1,0.007,0.96,0.073,1,0.015,1,0.031,yes,-0.19,NA,-0.14,yes,-0.14
SPO2133,SPO2133,"outer membrane protein, putative",SPO_RS10815,0,0,NA,NA,0,0,1.2,0.036,1,0.033,1.1,0.027,1,0.049,yes,-0.26,NA,-0.12,yes,-0.26
SPO2144,SPO2144,"aminotransferase, classes I and II",SPO_RS10870,0,0,NA,NA,0,0,1.1,0.05,0.96,0.011,1,0.033,0.98,0.025,yes,-0.19,NA,-0.14,yes,-0.17
SPO2150,trpD,anthranilate phosphoribosyltransferase,SPO_RS10900,0,0,NA,NA,NA,NA,0,0,0.11,0.11,0,0,0.044,0.044,yes,3.6,NA,0,NA,2.4
SPO2151,trpC,indole-3-glycerol phosphate synthase,SPO_RS10905,0,0,NA,NA,NA,NA,0,0,0.2,0.2,0,0,0.16,0.16,yes,4.4,NA,0,NA,4.1
SPO2161,SPO2161,hypothetical protein,SPO_RS10955,0,0,0,0,0,0,1.1,0.031,1,0.012,0.99,0.016,1,0.023,yes,-0.14,yes,-0.15,yes,-0.14
SPO2168,purN,phosphoribosylglycinamide formyltransferase,SPO_RS10990,0,0,NA,NA,NA,NA,0.21,0.12,0.64,0.04,0.27,0.16,0.49,0.11,yes,1.6,NA,0.35,NA,1.2
SPO2189,SPO2189,"transcriptional regulator, AsnC family",SPO_RS11095,0,0,NA,NA,NA,NA,0.91,0.03,0.98,0.012,0.93,0.034,0.94,0.052,yes,0.11,NA,0.031,NA,0.046
SPO2197,SPO2197,hypothetical protein,SPO_RS11140,0,0,NA,NA,NA,NA,1.1,0.035,0.97,0.027,0.98,0.039,0.96,0.037,yes,-0.18,NA,-0.17,NA,-0.19
SPO2209,SPO2209,glutamate--cysteine ligase family protein,SPO_RS11200,0,0,NA,NA,NA,NA,1,0.018,1.1,0.029,0.99,0.025,0.99,0.039,yes,0.14,NA,-0.014,NA,-0.014
SPO2251,orfg14,gene transfer agent,SPO_RS11420,0,0,NA,NA,NA,NA,0.85,0.041,0.47,0.16,0.8,0.061,0.83,0.28,yes,-0.84,NA,-0.086,NA,-0.034
SPO2290,SPO2290,hypothetical protein,SPO_RS11610,0,0,NA,NA,0,0,1.1,0.02,1,0.016,1.1,0.017,1,0.014,yes,-0.14,NA,0,yes,-0.14
SPO2340,sodB,"superoxide dismutase, Fe",SPO_RS11860,0,0,NA,NA,0,0,0.16,0.11,0.55,0.035,0.45,0.081,0.73,0.045,yes,1.7,NA,1.4,yes,2.1
SPO2345,SPO2345,"sarcosine oxidase, alpha subunit family",SPO_RS11895,0,0,NA,NA,NA,NA,1.1,0.017,1,0.007,1.1,0.012,1.1,0.031,yes,-0.14,NA,0,NA,0
SPO2347,SPO2347,hypothetical protein,SPO_RS11910,0,0,NA,NA,NA,NA,1.1,0.018,1,0.046,1.1,0.04,1.1,0.047,yes,-0.14,NA,0,NA,0
SPO2355,iseR,Isethionate dissimilation regulator,SPO_RS11950,0,0,NA,NA,NA,NA,0.5,0.037,0.93,0.051,0.71,0.051,0.87,0.032,yes,0.88,NA,0.5,NA,0.79
SPO2412,SPO2412,"aldolase, putative",SPO_RS12255,0,0,NA,NA,NA,NA,1.2,0.14,0.66,0.33,1.1,0.14,0.61,0.31,yes,-0.85,NA,-0.12,NA,-0.96
SPO2478,SPO2478,RNA helicase,SPO_RS12585,0,0,0,0,0,0,1,0.018,1.1,0.019,1.1,0.028,1.1,0.013,yes,0.14,yes,0.14,yes,0.14
SPO2511,SPO2511,"dnaK suppressor protein, putative",SPO_RS12750,0,0,NA,NA,0,0,0.086,0.086,0.61,0.073,0.31,0.2,0,0,yes,2.7,NA,1.7,yes,-3.3
SPO2607,SPO2607,"gamma-glutamylisopropylamide synthetase, putative",SPO_RS13225,0,0,NA,NA,NA,NA,1,0.034,1.1,0.019,1,0.022,1,0.048,yes,0.14,NA,0,NA,0
SPO2634,SPO2634,"sulfite reductase, putative",SPO_RS13360,0,0,NA,NA,NA,NA,0,0,0.27,0.16,0,0,0.59,0.086,yes,4.8,NA,0,NA,5.9
SPO2646,SPO2646,hypothetical protein,SPO_RS13420,0,0,NA,NA,NA,NA,1.1,0.045,1,0.032,0.99,0.057,1,0.045,yes,-0.14,NA,-0.15,NA,-0.14
SPO2653,pyrC,Dihydroorotase (EC 3.5.2.3),SPO_RS13460,0,0,NA,NA,NA,NA,0.16,0.096,0,0,0.11,0.11,0.34,0.22,yes,-4.1,NA,-0.5,NA,1
SPO2654,pyrE,orotate phosphoribosyltransferase,SPO_RS13465,0,0,0,0,NA,NA,0,0,0.28,0.16,0.17,0.1,0.73,0.04,yes,4.9,yes,4.2,NA,6.2
SPO2662,SPO2662,"aspartate racemase, putative",SPO_RS13505,0,0,NA,NA,NA,NA,0.8,0.043,0.96,0.026,0.88,0.051,0.77,0.14,yes,0.26,NA,0.14,NA,-0.054
SPO2677,purF,amidophosphoribosyltransferase,SPO_RS13580,0,0,NA,NA,NA,NA,0.28,0.087,0.64,0.045,0.36,0.038,0.57,0.1,yes,1.2,NA,0.35,NA,1
SPO2810,SPO2810,amidohydrolase family protein,SPO_RS14275,0,0,NA,NA,NA,NA,1,0.028,1.1,0.011,1,0.017,1,0.037,yes,0.14,NA,0,NA,0
SPO2815,SPO2815,"peptide/nickel/opine uptake family ABC transporter, permease protein",SPO_RS14300,0,0,0,0,NA,NA,1.1,0.009,0.99,0.02,1,0.02,1,0.04,yes,-0.15,yes,-0.14,NA,-0.14
SPO2816,SPO2816,"peptide/nickel/opine uptake family ABC transporter, permease protein",SPO_RS14305,0,0,NA,NA,NA,NA,1.1,0.049,0.99,0.018,1,0.021,1,0.025,yes,-0.15,NA,-0.14,NA,-0.14
SPO2819,pntB,"NAD(P)+ transhydrogenase, beta subunit",SPO_RS14320,0,0,NA,NA,NA,NA,0.76,0.016,1,0.011,0.98,0.029,1,0.024,yes,0.39,NA,0.36,NA,0.39
SPO2821,SPO2821,isoprenylcysteine carboxyl methyltransferase family protein,SPO_RS14330,0,0,NA,NA,NA,NA,0.95,0.011,1.1,0.051,1,0.01,1,0.031,yes,0.21,NA,0.073,NA,0.073
SPO2848,SPO2848,hypothetical protein,SPO_RS14460,0,0,NA,NA,NA,NA,1.1,0.006,1,0.027,1.1,0.013,1.1,0.016,yes,-0.14,NA,0,NA,0
SPO2889,mdoG,periplasmic glucan biosynthesis protein MdoG,SPO_RS14660,0,0,0,0,NA,NA,1.1,0.025,1,0.019,1,0.009,1,0.029,yes,-0.14,yes,-0.14,NA,-0.14
SPO2897,phaF,pH adaptation potassium efflux system protein PhaF,SPO_RS14700,0,0,0,0,0,0,0,0,0.063,0.063,0.12,0.12,0.23,0.23,yes,2.9,yes,3.7,yes,4.6
SPO2915,SPO2915,acyl-CoA dehydrogenase family protein,SPO_RS14785,0,0,NA,NA,0,0,0.82,0.026,0.95,0.012,0.96,0.012,0.92,0.008,yes,0.21,NA,0.22,yes,0.16
SPO2922,SPO2922,hypothetical protein,SPO_RS14820,0,0,NA,NA,NA,NA,1.2,0.037,0.84,0.1,1.1,0.021,1.1,0.12,yes,-0.51,NA,-0.12,NA,-0.12
SPO2940,glyA-2,serine hydroxymethyltransferase,SPO_RS14910,0,0,NA,NA,NA,NA,1,0.008,1.1,0.015,1,0.015,1,0.015,yes,0.14,NA,0,NA,0
SPO2949,SPO2949,endoribonuclease L-PSP family protein,SPO_RS14955,0,0,NA,NA,NA,NA,1.2,0.053,0.88,0.035,1.1,0.035,1.1,0.056,yes,-0.44,NA,-0.12,NA,-0.12
SPO2952,SPO2952,trkA domain protein,SPO_RS14970,0,0,0,0,0,0,0.5,0.046,0.92,0.032,0.7,0.036,0.96,0.038,yes,0.87,yes,0.48,yes,0.93
SPO2965,rpmG,ribosomal protein L33,SPO_RS15035,0,0,NA,NA,0,0,0.78,0.025,0.92,0.016,0.91,0.054,1,0.045,yes,0.24,NA,0.22,yes,0.35
SPO2986,SPO2986,tellurite resistance protein,SPO_RS15135,0,0,NA,NA,NA,NA,1.2,0.033,1,0.035,1.1,0.039,1.1,0.049,yes,-0.26,NA,-0.12,NA,-0.12
SPO2995,SPO2995,"peptide/nickel/opine uptake family ABC transporter, periplasmic substrate-binding protein",SPO_RS15185,0,0,0,0,0,0,1,0.012,1.1,0.024,1.1,0.015,1.1,0.021,yes,0.14,yes,0.14,yes,0.14
SPO3032,edd,phosphogluconate dehydratase,SPO_RS15370,0,0,0,0,0,0,1.1,0.021,0.97,0.016,1,0.007,0.98,0.012,yes,-0.18,yes,-0.14,yes,-0.17
SPO3043,glnQ,"glutamine ABC transporter, ATP-binding protein",SPO_RS15425,0,0,NA,NA,0,0,0.97,0.023,1.1,0.029,1,0.036,1.1,0.025,yes,0.18,NA,0.044,yes,0.18
SPO3052,SPO3052,hypothetical protein,SPO_RS15465,0,0,NA,NA,NA,NA,1.2,0.031,0.99,0.04,1.1,0.029,1.1,0.044,yes,-0.28,NA,-0.12,NA,-0.12
SPO3073,ctaE,"cytochrome c oxidase, subunit III",SPO_RS15570,0,0,0,0,0,0,0.62,0.024,0.84,0.018,0.78,0.008,0.85,0.016,yes,0.43,yes,0.33,yes,0.45
SPO3075,ctaB,Protoheme IX farnesyltransferase (EC 2.5.1.141) (Heme O synthase),SPO_RS15580,0,0,0,0,0,0,0.47,0.046,0.87,0.013,0.76,0.059,0.86,0.043,yes,0.87,yes,0.68,yes,0.86
SPO3088,ompA,Outer membrane protein OmpA,SPO_RS15650,0,0,NA,NA,0,0,1.1,0.035,1,0.013,0.99,0.02,1,0.015,yes,-0.14,NA,-0.15,yes,-0.14
SPO3091,SPO3091,type II secretion system protein F (GspF),SPO_RS15665,0,0,0,0,NA,NA,1.1,0.045,1,0.011,0.97,0.022,0.96,0.027,yes,-0.14,yes,-0.18,NA,-0.19
SPO3103,fhs-2,formate--tetrahydrofolate ligase,SPO_RS15725,0,0,NA,NA,NA,NA,1,0.025,1.1,0.016,1,0.019,1,0.017,yes,0.14,NA,0,NA,0
SPO3115,ruvB,Holliday junction DNA helicase RuvB,SPO_RS15785,0,0,NA,NA,NA,NA,0.46,0.16,0.81,0.055,0.69,0.088,0.78,0.098,yes,0.8,NA,0.57,NA,0.75
SPO3120,SPO3120,"ribosomal protein L11 methyltransferase, putative",SPO_RS15810,0,0,NA,NA,NA,NA,1,0.027,1.1,0.007,1,0.013,1,0.055,yes,0.14,NA,0,NA,0
SPO3152,SPO3152,MaoC domain protein,SPO_RS15970,0,0,0,0,NA,NA,1,0.02,1.1,0.01,1.1,0.013,1,0.022,yes,0.14,yes,0.14,NA,0
SPO3220,SPO3220,"aminotransferase, classes I and II",SPO_RS16310,0,0,0,0,0,0,1.1,0.011,1,0.017,1,0.017,1,0.019,yes,-0.14,yes,-0.14,yes,-0.14
SPO3223,SPO3223,response regulator,SPO_RS16325,0,0,NA,NA,0,0,1.1,0.022,0.94,0.024,1,0.035,0.96,0.037,yes,-0.22,NA,-0.14,yes,-0.19
SPO3230,SPO3230,"aminotransferase, classes I and II",SPO_RS16360,0,0,0,0,0,0,1.1,0.011,1,0.008,1,0.016,1,0.022,yes,-0.14,yes,-0.14,yes,-0.14
SPO3282,SPO3282,N-formylglutamate amidohydrolase family protein,SPO_RS16620,0,0,NA,NA,0,0,0.64,0.07,0.88,0.056,0.81,0.026,0.92,0.046,yes,0.45,NA,0.34,yes,0.52
SPO3333,SPO3333,hypothetical protein,SPO_RS16885,0,0,NA,NA,0,0,1,0.014,1.1,0.018,1,0.012,1.1,0.015,yes,0.14,NA,0,yes,0.14
SPO3353,serB-2,phosphoserine phosphatase,SPO_RS16985,0,0,0,0,NA,NA,0.72,0.031,1,0.059,0.94,0.034,0.85,0.12,yes,0.47,yes,0.38,NA,0.24
SPO3370,SPO3370,"peptidase, M16 family",SPO_RS17070,0,0,0,0,0,0,1.1,0.006,1,0.002,1,0.011,1,0.02,yes,-0.14,yes,-0.14,yes,-0.14
SPO3394,SPO3394,"GDSL-like lipase/acylhydrolase, putative",SPO_RS17190,0,0,NA,NA,0,0,1.1,0.035,1,0.025,1,0.024,1,0.016,yes,-0.14,NA,-0.14,yes,-0.14
SPO3403,SPO3403,"DNA-binding protein, putative",SPO_RS17230,0,0,0,0,NA,NA,1.1,0.016,1,0.034,1,0.013,1.1,0.035,yes,-0.14,yes,-0.14,NA,0
SPO3418,SPO3418,amidase family protein,SPO_RS17305,0,0,0,0,0,0,1.1,0.024,0.87,0.048,0.99,0.011,0.94,0.019,yes,-0.33,yes,-0.15,yes,-0.22
SPO3425,SPO3425,"exodeoxyribonuclease III, putative",SPO_RS17340,0,0,NA,NA,NA,NA,1.1,0.026,1,0.037,1.1,0.022,1,0.043,yes,-0.14,NA,0,NA,-0.14
SPO3474,SPO3474,"polyamine ABC transporter, permease protein",SPO_RS17595,0,0,NA,NA,NA,NA,0.99,0.027,1.1,0.019,1,0.031,1,0.019,yes,0.15,NA,0.014,NA,0.014
SPO3478,glcD,"glycolate oxidase, GlcD subunit",SPO_RS17615,0,0,NA,NA,NA,NA,0.98,0.004,0.83,0.013,0.92,0.02,0.9,0.009,yes,-0.24,NA,-0.09,NA,-0.12
SPO3479,glcE,"glycolate oxidase, GlcE subunit",SPO_RS17620,0,0,NA,NA,NA,NA,0.98,0.018,0.72,0.046,0.92,0.022,0.87,0.037,yes,-0.44,NA,-0.09,NA,-0.17
SPO3527,SPO3527,universal stress protein family protein,SPO_RS17870,0,0,0,0,0,0,1.1,0.028,1,0.014,1,0.011,1,0.021,yes,-0.14,yes,-0.14,yes,-0.14
SPO3561,xsc,sulfoacetaldehyde acetyltransferase,SPO_RS18040,0,0,NA,NA,0,0,0.39,0.052,0.75,0.037,0.47,0.074,0.68,0.023,yes,0.93,NA,0.26,yes,0.79
SPO3579,SPO3579,"transcriptional regulator, MarR family",SPO_RS18130,0,0,NA,NA,NA,NA,1.1,0.007,1,0.007,1.1,0.004,1.1,0.018,yes,-0.14,NA,0,NA,0
SPO3604,SPO3604,"D-amino acid aminotransferase, putative",SPO_RS18260,0,0,NA,NA,NA,NA,0.85,0.027,0.97,0.008,0.92,0.021,1,0.025,yes,0.19,NA,0.11,NA,0.23
SPO3631,SPO3631,OmpA domain protein,SPO_RS18395,0,0,0,0,0,0,1.1,0.016,1,0.005,1,0.009,1,0.009,yes,-0.14,yes,-0.14,yes,-0.14
SPO3632,SPO3632,hypothetical protein,SPO_RS18400,0,0,0,0,NA,NA,1,0.021,1.1,0.023,1.1,0.013,1,0.034,yes,0.14,yes,0.14,NA,0
SPO3633,SPO3633,"molybdopterin converting factor, subunit 2",SPO_RS18405,0,0,NA,NA,0,0,0.68,0.02,0.91,0.052,0.8,0.039,0.85,0.05,yes,0.42,NA,0.23,yes,0.32
SPO3647,SPO3647,CAIB/BAIF family protein,SPO_RS18485,0,0,0,0,0,0,1.1,0.007,0.99,0.018,1,0.016,0.98,0.025,yes,-0.15,yes,-0.14,yes,-0.17
SPO3652,SPO3652,hypothetical protein,,0,0,0,0,0,0,1.1,0.023,1,0.022,1,0.014,1,0.036,yes,-0.14,yes,-0.14,yes,-0.14
SPO3661,SPO3661,allophanate hydrolase family protein,SPO_RS18555,0,0,0,0,0,0,0.92,0.015,0.78,0.032,0.78,0.026,0.75,0.026,yes,-0.24,yes,-0.24,yes,-0.29
SPO3684,SPO3684,"transcriptional regulator, LacI family",SPO_RS18690,0,0,NA,NA,0,0,0.88,0.007,0.95,0.014,0.89,0.011,0.98,0.015,yes,0.11,NA,0.016,yes,0.15
SPO3727,SPO3727,"VacJ lipoprotein, putative",SPO_RS18915,0,0,0,0,NA,NA,1.1,0.008,1,0.004,1,0.008,1,0.009,yes,-0.14,yes,-0.14,NA,-0.14
SPO3730,SPO3730,endoribonuclease L-PSP family protein,SPO_RS18930,0,0,0,0,NA,NA,1.1,0.019,1,0.026,1,0.012,1.1,0.026,yes,-0.14,yes,-0.14,NA,0
SPO3768,gltB,"glutamate synthase, large subunit",SPO_RS19125,0,0,NA,NA,0,0,0.2,0.013,0.4,0.017,0.33,0.042,0.36,0.022,yes,0.97,NA,0.7,yes,0.82
SPO3769,SPO3769,hypothetical protein,SPO_RS19130,0,0,NA,NA,NA,NA,0.18,0.032,0.56,0.025,0.36,0.056,0.39,0.1,yes,1.6,NA,0.96,NA,1.1
SPO3821,SPO3821,ornithine cyclodeaminase/mu-crystallin family protein,SPO_RS19390,0,0,0,0,0,0,1.1,0.013,1,0.013,1,0.006,1,0.013,yes,-0.14,yes,-0.14,yes,-0.14
SPO3833,SPO3833,"ATP-dependent RNA helicase, DEAD/DEAH box family",SPO_RS19450,0,0,0,0,0,0,1.1,0.025,1,0.003,1,0.016,1,0.011,yes,-0.14,yes,-0.14,yes,-0.14
SPO3855,gpsA,glycerol-3-phosphate dehydrogenase (NAD(P)+),SPO_RS19565,0,0,0,0,0,0,0.54,0.009,0.72,0.032,0.64,0.032,0.78,0.029,yes,0.41,yes,0.24,yes,0.52
SPO3865,regA,photosynthetic apparatus regulatory protein RegA,SPO_RS19615,0,0,NA,NA,NA,NA,0.55,0.036,0.84,0.035,0.83,0.02,0.82,0.054,yes,0.6,NA,0.58,NA,0.57
SPO3867,regB,sensor histidine kinase RegB,SPO_RS19625,0,0,NA,NA,0,0,0.76,0.021,0.87,0.018,0.87,0.016,0.86,0.013,yes,0.19,NA,0.19,yes,0.18
SPO3873,SPO3873,"ATP-dependent DNA helicase, UvrD/Rep family",SPO_RS19655,0,0,NA,NA,0,0,0.71,0.034,0.81,0.026,0.76,0.01,0.86,0.031,yes,0.19,NA,0.097,yes,0.27
SPO3877,SPO3877,transcriptional regulator/arsenate reductase,SPO_RS19675,0,0,0,0,0,0,1.1,0.01,1,0.017,1,0.016,1,0.015,yes,-0.14,yes,-0.14,yes,-0.14
SPOA0002,miaB,(dimethylallyl)adenosine tRNA methylthiotransferase,SPO_RS19790,0,0,0,0,0,0,1.1,0.034,0.98,0.028,0.99,0.006,0.99,0.034,yes,-0.17,yes,-0.15,yes,-0.15
SPOA0030,nqrC,Na(+)-translocating NADH-quinone reductase subunit C,SPO_RS19925,0,0,NA,NA,NA,NA,1.1,0.008,1,0.015,1,0.019,1,0.032,yes,-0.14,NA,-0.14,NA,-0.14
SPOA0036,apbE,thiamin biosynthesis lipoprotein ApbE,SPO_RS19955,0,0,0,0,NA,NA,1.1,0.014,0.99,0.01,1,0.007,1,0.026,yes,-0.15,yes,-0.14,NA,-0.14
SPOA0088,SPOA0088,hypothetical protein,SPO_RS22660,0,0,NA,NA,0,0,1.1,0.011,0.98,0.001,0.99,0.006,0.98,0.004,yes,-0.17,NA,-0.15,yes,-0.17
SPOA0096,SPOA0096,histone deacetylase/AcuC/AphA family protein,SPO_RS20295,0,0,NA,NA,NA,NA,1.1,0.013,1,0.008,1.1,0.008,1.1,0.014,yes,-0.14,NA,0,NA,0
SPOA0098,SPOA0098,"branched-chain amino acid ABC transporter, permease protein",SPO_RS20305,0,0,NA,NA,NA,NA,1,0.029,1.1,0.012,1,0.037,1,0.039,yes,0.14,NA,0,NA,0
SPOA0112,feaB,phenylacetaldehyde dehydrogenase,SPO_RS20390,0,0,NA,NA,0,0,0.92,0.016,1,0.017,0.95,0.018,1,0.008,yes,0.12,NA,0.046,yes,0.12
SPOA0138,SPOA0138,hypothetical protein,SPO_RS20530,0,0,NA,NA,0,0,1,0.027,1.1,0.016,1.1,0.022,1.1,0.013,yes,0.14,NA,0.14,yes,0.14
SPOA0169,SPOA0169,MOSC domain-containing protein,SPO_RS20685,0,0,0,0,NA,NA,1.1,0.024,1,0.019,1,0.014,1,0.013,yes,-0.14,yes,-0.14,NA,-0.14
SPOA0201,SPOA0201,hydroxylamine oxidoreductase,SPO_RS20840,0,0,NA,NA,NA,NA,0.92,0.023,1,0.012,0.94,0.019,0.95,0.025,yes,0.12,NA,0.031,NA,0.046
SPOA0223,nirF,cytochrome cd1 nitrite reductase,SPO_RS20950,0,0,NA,NA,NA,NA,1.1,0.032,0.94,0.021,0.99,0.035,1,0.032,yes,-0.22,NA,-0.15,NA,-0.14
SPOA0237,dctD-2,C4-dicarboxylate transport transcriptional regulatory protein DctD,SPO_RS21020,0,0,0,0,0,0,1.2,0.02,0.97,0.025,0.99,0.011,1,0.006,yes,-0.3,yes,-0.28,yes,-0.26
SPOA0238,SPOA0238,"TRAP dicarboxylate transporter, DctP subunit",SPO_RS21025,0,0,0,0,0,0,1.2,0.036,1,0.041,1,0.018,1,0.013,yes,-0.26,yes,-0.26,yes,-0.26
SPOA0240,SPOA0240,"TRAP transporter, DctM subunit",SPO_RS21035,0,0,0,0,0,0,1.1,0.022,0.98,0.04,0.98,0.011,0.98,0.018,yes,-0.17,yes,-0.17,yes,-0.17
SPOA0281,SPOA0281,LysR family transcriptional regulator,SPO_RS21245,0,0,0,0,0,0,1.1,0.031,1,0.021,1,0.007,1,0.013,yes,-0.14,yes,-0.14,yes,-0.14
SPOA0284,SPOA0284,LysR family transcriptional regulator,SPO_RS21260,0,0,NA,NA,NA,NA,1,0.011,1.1,0.029,1,0.014,1,0.032,yes,0.14,NA,0,NA,0
SPOA0286,SPOA0286,ThiJ/PfpI family protein,SPO_RS21270,0,0,0,0,NA,NA,1.2,0.077,1,0.031,1,0.029,0.97,0.069,yes,-0.26,yes,-0.26,NA,-0.3
SPOA0292,psd,phosphatidylserine decarboxylase,SPO_RS21300,0,0,NA,NA,NA,NA,1,0.035,1.1,0.018,1,0.014,1,0.017,yes,0.14,NA,0,NA,0
SPOA0302,SPOA0302,phage integrase family site specific recombinase,SPO_RS21350,0,0,0,0,0,0,1.1,0.02,1,0.065,1,0.038,1,0.01,yes,-0.14,yes,-0.14,yes,-0.14
SPOA0336,SPOA0336,LacI family transcription regulator,SPO_RS21540,0,0,NA,NA,0,0,1.3,0.026,0.93,0.012,1.1,0.028,0.93,0.022,yes,-0.48,NA,-0.24,yes,-0.48
SPOA0352,SPOA0352,hypothetical protein,SPO_RS21615,0,0,0,0,0,0,1.1,0.013,1,0.009,1,0.007,1,0.019,yes,-0.14,yes,-0.14,yes,-0.14
SPOA0367,SPOA0367,"ABC transporter, permease protein",SPO_RS21695,0,0,NA,NA,NA,NA,0.9,0.02,0.98,0.014,0.95,0.036,0.89,0.096,yes,0.12,NA,0.077,NA,-0.016
SPOA0390,SPOA0390,phosphonate monoester hydrolase,SPO_RS21810,0,0,0,0,0,0,1.1,0.026,1,0.025,1,0.007,1,0.008,yes,-0.14,yes,-0.14,yes,-0.14
SPOA0413,SPOA0413,"xanthine dehydrogenase family protein, small subunit",SPO_RS21920,0,0,0,0,0,0,1.1,0.021,1,0.038,1,0.009,1,0.036,yes,-0.14,yes,-0.14,yes,-0.14
SPOA0434,catD,3-oxoadipate enol-lactone hydrolase,SPO_RS22025,0,0,NA,NA,NA,NA,1,0.029,1.1,0.014,0.99,0.003,1,0.041,yes,0.14,NA,-0.014,NA,0
SPOA0451,SPOA0451,MarR family transcriptional regulator,SPO_RS22340,0,0,NA,NA,0,0,1.1,0.016,1,0.009,1,0.02,1,0.025,yes,-0.14,NA,-0.14,yes,-0.14
SPO0005,SPO0005,hypothetical protein,SPO_RS00025,NA,NA,0,0,NA,NA,1.1,0.01,1.1,0.021,1,0.016,1.1,0.013,NA,0,yes,-0.14,NA,0
SPO0075,SPO0075,ErfK/YbiS/YcfS/YnhG family protein/Tat domain protein,SPO_RS00380,NA,NA,0,0,NA,NA,1.1,0.01,1.1,0.016,1,0.013,1.1,0.011,NA,0,yes,-0.14,NA,0
SPO0131,idi,isopentyl-diphosphate delta-isomerase,SPO_RS00670,NA,NA,0,0,NA,NA,1.1,0.029,1.1,0.017,1,0.025,1.1,0.055,NA,0,yes,-0.14,NA,0
SPO0222,ald,alanine dehydrogenase,SPO_RS01130,NA,NA,0,0,NA,NA,1.1,0.022,1,0.011,1,0.014,1,0.016,NA,-0.14,yes,-0.14,NA,-0.14
SPO0253,ilvE,branched-chain amino acid aminotransferase,SPO_RS01290,NA,NA,0,0,NA,NA,1.1,0.007,1.1,0.013,1,0.012,1,0.004,NA,0,yes,-0.14,NA,-0.14
SPO0256,SPO0256,"copper-binding protein, plastocyanin/azurin family",SPO_RS01305,NA,NA,0,0,NA,NA,0.96,0.031,1,0.02,1.1,0.032,1,0.052,NA,0.058,yes,0.19,NA,0.058
SPO0285,SPO0285,hypothetical protein,SPO_RS01445,NA,NA,0,0,NA,NA,0.81,0.049,0.91,0.044,0.95,0.031,1,0.029,NA,0.17,yes,0.23,NA,0.3
SPO0286,SPO0286,hypothetical protein,SPO_RS01450,NA,NA,0,0,NA,NA,0.71,0.063,0.87,0.081,0.91,0.023,0.96,0.055,NA,0.29,yes,0.35,NA,0.43
SPO0326,phbA,acetyl-CoA acetyltransferase,SPO_RS01660,NA,NA,0,0,NA,NA,0.99,0.015,1,0.007,1.1,0.01,1,0.012,NA,0.014,yes,0.15,NA,0.014
SPO0376,SPO0376,"sugar ABC transporter, permease protein",SPO_RS01905,NA,NA,0,0,NA,NA,1,0.011,1,0.028,1.1,0.016,1,0.018,NA,0,yes,0.14,NA,0
SPO0377,SPO0377,"sugar ABC transporter, permease protein",SPO_RS01910,NA,NA,0,0,NA,NA,1,0.019,1,0.021,1.1,0.013,1,0.013,NA,0,yes,0.14,NA,0
SPO0390,SPO0390,glutamate/leucine/phenylalanine/valine dehydrogenase family protein,SPO_RS01975,NA,NA,0,0,0,0,1.1,0.021,1.1,0.008,1,0.012,1,0.011,NA,0,yes,-0.14,yes,-0.14
SPO0391,bphC3,"biphenyl-2,3-diol 1,2-dioxygenase III",SPO_RS01980,NA,NA,0,0,NA,NA,1.1,0.025,1.1,0.013,1,0.022,1.1,0.027,NA,0,yes,-0.14,NA,0
SPO0422,leuA,2-isopropylmalate synthase,SPO_RS02135,NA,NA,0,0,NA,NA,0.38,0.05,0.58,0.024,0.58,0.045,0.57,0.052,NA,0.6,yes,0.6,NA,0.57
SPO0423,SPO0423,"DNA-binding protein, putative",SPO_RS02140,NA,NA,0,0,NA,NA,1,0.035,1,0.045,1.1,0.027,0.98,0.082,NA,0,yes,0.14,NA,-0.029
SPO0464,SPO0464,hypothetical protein,SPO_RS02340,NA,NA,0,0,0,0,0.96,0.033,1,0.061,1.1,0.04,1.1,0.041,NA,0.058,yes,0.19,yes,0.19
SPO0533,SPO0533,"diguanylate cyclase, putative",SPO_RS02690,NA,NA,0,0,0,0,1.1,0.032,1,0.031,0.91,0.031,0.99,0.018,NA,-0.14,yes,-0.27,yes,-0.15
SPO0584,aspC-1,aspartate aminotransferase,SPO_RS02945,NA,NA,0,0,0,0,1.1,0.014,1,0.02,1,0.009,1,0.016,NA,-0.14,yes,-0.14,yes,-0.14
SPO0587,SPO0587,hypothetical protein,SPO_RS02960,NA,NA,0,0,NA,NA,1.1,0.053,1,0.051,1,0.036,1,0.042,NA,-0.14,yes,-0.14,NA,-0.14
SPO0673,tpa,taurine--pyruvate aminotransferase,SPO_RS03400,NA,NA,0,0,0,0,0.98,0.027,0.85,0.053,0.84,0.028,0.91,0.013,NA,-0.2,yes,-0.22,yes,-0.11
SPO0682,SPO0682,monooxygenase family protein,SPO_RS03445,NA,NA,0,0,NA,NA,1,0.031,1,0.022,1.1,0.028,1.1,0.036,NA,0,yes,0.14,NA,0.14
SPO0691,era,GTP-binding protein Era,SPO_RS03490,NA,NA,0,0,NA,NA,0.56,0.19,0.97,0.042,1,0.051,0.84,0.12,NA,0.78,yes,0.83,NA,0.58
SPO0715,SPO0715,phosphocarrier protein HPr,SPO_RS03610,NA,NA,0,0,NA,NA,0.34,0.14,0.83,0.14,0.77,0.062,0.69,0.23,NA,1.3,yes,1.2,NA,1
SPO0833,SPO0833,"formate dehydrogenase, beta subunit",SPO_RS04200,NA,NA,0,0,NA,NA,1.1,0.018,1,0.02,1,0.006,1.1,0.008,NA,-0.14,yes,-0.14,NA,0
SPO0891,SPO0891,"alkylphosphonate utilization protein PhnM, putative",SPO_RS04490,NA,NA,0,0,NA,NA,1.1,0.04,1,0.038,0.99,0.009,1,0.038,NA,-0.14,yes,-0.15,NA,-0.14
SPO0934,SPO0934,hypothetical protein,SPO_RS04695,NA,NA,0,0,NA,NA,1.1,0.035,0.99,0.053,0.99,0.016,0.99,0.031,NA,-0.15,yes,-0.15,NA,-0.15
SPO1004,clpX,"ATP-dependent Clp protease, ATP-binding subunit ClpX",SPO_RS05055,NA,NA,0,0,NA,NA,0,0,0.42,0.25,0.12,0.12,0.14,0.14,NA,5.4,yes,3.7,NA,3.9
SPO1066,SPO1066,hypothetical protein,SPO_RS05410,NA,NA,0,0,0,0,1.1,0.035,1,0.043,1,0.03,1,0.029,NA,-0.14,yes,-0.14,yes,-0.14
SPO1146,uehB,"Ectoine/5-hydroxyectoine TRAP transporter, small integral membrane protein",SPO_RS05815,NA,NA,0,0,NA,NA,0.9,0.026,0.98,0.054,1,0.017,0.98,0.044,NA,0.12,yes,0.15,NA,0.12
SPO1155,hisE,Phosphoribosyl-ATP pyrophosphatase (EC 3.6.1.31),SPO_RS05855,NA,NA,0,0,NA,NA,0.049,0.049,0.35,0.22,0,0,0.16,0.16,NA,2.6,yes,-2.6,NA,1.5
SPO1172,SPO1172,FMN-dependent alpha-hydroxy acid dehydrogenase family protein,SPO_RS05940,NA,NA,0,0,0,0,1.2,0.045,1.1,0.053,1,0.027,1,0.028,NA,-0.12,yes,-0.26,yes,-0.26
SPO1211,SPO1211,"oligopeptide ABC transporter, permease protein",SPO_RS06145,NA,NA,0,0,NA,NA,1.1,0.019,1,0.039,1,0.019,1,0.038,NA,-0.14,yes,-0.14,NA,-0.14
SPO1213,SPO1213,"oligopeptide ABC transporter, ATP-binding protein",SPO_RS06155,NA,NA,0,0,NA,NA,0.98,0.02,0.99,0.015,0.9,0.008,0.98,0.049,NA,0.014,yes,-0.12,NA,0
SPO1318,purA,adenylosuccinate synthetase,SPO_RS06720,NA,NA,0,0,0,0,0,0,0.09,0.09,0.11,0.11,0.35,0.12,NA,3.3,yes,3.6,yes,5.2
SPO1365,SPO1365,hypothetical protein,SPO_RS06965,NA,NA,0,0,0,0,1.1,0.036,0.99,0.043,1,0.024,0.92,0.022,NA,-0.15,yes,-0.14,yes,-0.26
SPO1406,SPO1406,hypothetical protein,SPO_RS22155,NA,NA,0,0,NA,NA,1.1,0.018,1,0.055,0.95,0.041,0.94,0.073,NA,-0.14,yes,-0.21,NA,-0.22
SPO1555,SPO1555,"formate dehydrogenase, beta subunit",SPO_RS07915,NA,NA,0,0,NA,NA,1.1,0.015,1.1,0.012,1,0.011,1.1,0.009,NA,0,yes,-0.14,NA,0
SPO1559,SPO1559,folD bifunctional protein,SPO_RS07935,NA,NA,0,0,NA,NA,1,0.029,1,0.05,1.1,0.026,1,0.038,NA,0,yes,0.14,NA,0
SPO1586,mgdC,N-methylglutamate dehydrogenase subunit C,SPO_RS08070,NA,NA,0,0,NA,NA,1.1,0.033,0.94,0.067,0.95,0.048,1,0.06,NA,-0.22,yes,-0.21,NA,-0.14
SPO1668,SPO1668,"membrane-associated zinc metalloprotease, putative",SPO_RS08475,NA,NA,0,0,NA,NA,1.1,0.05,0.97,0.05,0.93,0.006,0.93,0.082,NA,-0.18,yes,-0.24,NA,-0.24
SPO1693,SPO1693,hypothetical protein,SPO_RS22480,NA,NA,0,0,0,0,1.1,0.009,1.1,0.007,1,0.007,1,0.007,NA,0,yes,-0.14,yes,-0.14
SPO1734,hom,homoserine dehydrogenase,SPO_RS08825,NA,NA,0,0,NA,NA,0,0,0,0,0.31,0.19,0.23,0.23,NA,0,yes,5,NA,4.6
SPO1744,SPO1744,"sarcosine oxidase, beta subunit family",SPO_RS08875,NA,NA,0,0,NA,NA,0.92,0.014,0.98,0.05,1,0.015,1,0.043,NA,0.09,yes,0.12,NA,0.12
SPO1776,SPO1776,pyridine nucleotide-disulfide oxidoreductase family protein,SPO_RS09035,NA,NA,0,0,NA,NA,1,0.033,1.1,0.046,1.1,0.019,1.1,0.028,NA,0.14,yes,0.14,NA,0.14
SPO1907,SPO1907,hypothetical protein,SPO_RS09685,NA,NA,0,0,NA,NA,1,0.027,1,0.013,1.1,0.01,1,0.028,NA,0,yes,0.14,NA,0
SPO1916,SPO1916,"aminotransferase, class V",SPO_RS09725,NA,NA,0,0,0,0,1.1,0.011,1,0.063,1,0.037,1,0.03,NA,-0.14,yes,-0.14,yes,-0.14
SPO1925,SPO1925,hypothetical protein,SPO_RS09770,NA,NA,0,0,NA,NA,1,0.013,1,0.014,1.1,0.013,1,0.019,NA,0,yes,0.14,NA,0
SPO1928,SPO1928,Tat (twin-arginine translocation) pathway signal sequence domain protein,SPO_RS09790,NA,NA,0,0,NA,NA,1.1,0.018,1.1,0.016,1,0.014,1.1,0.015,NA,0,yes,-0.14,NA,0
SPO1929,SPO1929,"peptidoglycan binding protein, putative",SPO_RS09795,NA,NA,0,0,NA,NA,1.1,0.028,1.1,0.047,1,0.019,1,0.035,NA,0,yes,-0.14,NA,-0.14
SPO2053,SPO2053,thermostable carboxypeptidase,SPO_RS10415,NA,NA,0,0,NA,NA,1,0.024,1,0.034,1.1,0.037,1.1,0.032,NA,0,yes,0.14,NA,0.14
SPO2064,SPO2064,"phospholipase, patatin-like family",SPO_RS10470,NA,NA,0,0,NA,NA,1,0.018,1.1,0.043,1.1,0.04,1,0.038,NA,0.14,yes,0.14,NA,0
SPO2087,ntrC,nitrogen regulation protein NtrC,SPO_RS10585,NA,NA,0,0,NA,NA,0.065,0.065,0.31,0.14,0.51,0.06,0.18,0.13,NA,2.1,yes,2.8,NA,1.3
SPO2203,mmsA,methylmalonate-semialdehyde dehydrogenase,SPO_RS11170,NA,NA,0,0,0,0,1.1,0.02,1,0.025,1,0.009,1,0.014,NA,-0.14,yes,-0.14,yes,-0.14
SPO2213,mmsB-1,3-hydroxyisobutyrate dehydrogenase,SPO_RS11220,NA,NA,0,0,0,0,1.1,0.031,1,0.048,1,0.038,1,0.04,NA,-0.14,yes,-0.14,yes,-0.14
SPO2287,SPO2287,autoinducer synthesis protein,SPO_RS11595,NA,NA,0,0,0,0,1,0.023,1.1,0.018,1.1,0.01,1.1,0.012,NA,0.14,yes,0.14,yes,0.14
SPO2307,SPO2307,hypothetical protein,SPO_RS11690,NA,NA,0,0,NA,NA,1.2,0.027,1.1,0.027,1.1,0.013,1.1,0.054,NA,-0.12,yes,-0.12,NA,-0.12
SPO2332,SPO2332,"transporter, AcrB/AcrD/AcrF family",SPO_RS11820,NA,NA,0,0,NA,NA,1.1,0.018,1,0.039,1,0.007,1,0.022,NA,-0.14,yes,-0.14,NA,-0.14
SPO2336,SPO2336,lysM domain protein,SPO_RS22890,NA,NA,0,0,NA,NA,1,0.032,1,0.041,1.1,0.014,0.97,0.068,NA,0,yes,0.14,NA,-0.044
SPO2341,SPO2341,"methyltransferase, FkbM family",SPO_RS11865,NA,NA,0,0,0,0,1.1,0.02,0.9,0.054,0.96,0.016,1,0.045,NA,-0.29,yes,-0.19,yes,-0.14
SPO2361,SPO2361,sensor histidine kinase/response regulator,SPO_RS11980,NA,NA,0,0,NA,NA,0.99,0.027,0.9,0.031,0.88,0.022,1,0.035,NA,-0.14,yes,-0.17,NA,0.014
SPO2370,SPO2370,sodium:alanine symporter family protein,SPO_RS12025,NA,NA,0,0,0,0,1.1,0.037,1.1,0.028,1,0.009,1,0.022,NA,0,yes,-0.14,yes,-0.14
SPO2488,SPO2488,"ABC transporter, ATP-binding protein",SPO_RS12630,NA,NA,0,0,NA,NA,1.1,0.009,1.1,0.04,1,0.017,1,0.045,NA,0,yes,-0.14,NA,-0.14
SPO2612,SPO2612,"DNA-binding protein HU, putative",,NA,NA,0,0,NA,NA,1.1,0.027,1.1,0.013,1,0.02,1.1,0.03,NA,0,yes,-0.14,NA,0
SPO2635,cysH,phosophoadenylyl-sulfate reductase,SPO_RS13365,NA,NA,0,0,NA,NA,0,0,0.79,0.091,0.17,0.17,0.52,0.18,NA,6.3,yes,4.2,NA,5.7
SPO2647,SPO2647,hypothetical protein,SPO_RS13425,NA,NA,0,0,NA,NA,1.1,0.048,0.99,0.044,0.97,0.03,0.98,0.041,NA,-0.15,yes,-0.18,NA,-0.17
SPO2649,SPO2649,hypothetical protein,SPO_RS13435,NA,NA,0,0,NA,NA,1.1,0.04,1.1,0.026,1,0.017,1,0.022,NA,0,yes,-0.14,NA,-0.14
SPO2744,SPO2744,"malonate transporter, putative",SPO_RS13940,NA,NA,0,0,NA,NA,0.74,0.035,0.73,0.025,0.93,0.023,0.91,0.053,NA,-0.019,yes,0.33,NA,0.29
SPO2751,SPO2751,"HAD-superfamily hydrolase, subfamily IA, variant 1 family protein",SPO_RS13975,NA,NA,0,0,NA,NA,1.2,0.089,1,0.11,1,0.042,1.1,0.042,NA,-0.26,yes,-0.26,NA,-0.12
SPO2753,SPO2753,"diguanylate cyclase, putative/response regulator",SPO_RS13985,NA,NA,0,0,NA,NA,0.73,0.063,0.87,0.048,0.93,0.018,0.93,0.038,NA,0.25,yes,0.35,NA,0.35
SPO2813,SPO2813,"peptide/nickel/opine uptake family ABC transporter, ATP-binding protein, putative",SPO_RS14290,NA,NA,0,0,0,0,1.1,0.017,1,0.026,1,0.024,1,0.019,NA,-0.14,yes,-0.14,yes,-0.14
SPO2852,SPO2852,czcN domain protein,SPO_RS14480,NA,NA,0,0,NA,NA,1,0.027,1,0.048,1.1,0.011,0.98,0.027,NA,0,yes,0.14,NA,-0.029
SPO2858,SPO2858,hypothetical protein,SPO_RS14510,NA,NA,0,0,0,0,0.81,0.071,0.95,0.035,0.98,0.024,0.99,0.028,NA,0.23,yes,0.27,yes,0.29
SPO2988,SPO2988,hypothetical protein,SPO_RS15145,NA,NA,0,0,NA,NA,1.1,0.033,1,0.026,1,0.028,0.97,0.027,NA,-0.14,yes,-0.14,NA,-0.18
SPO3050,SPO3050,hypothetical protein,,NA,NA,0,0,0,0,0.64,0.1,0.91,0.098,0.9,0.06,0.89,0.053,NA,0.5,yes,0.49,yes,0.47
SPO3076,ctaC,"cytochrome c oxidase, subunit II",SPO_RS15585,NA,NA,0,0,0,0,0.59,0.025,0.8,0.015,0.82,0.036,0.83,0.018,NA,0.43,yes,0.47,yes,0.49
SPO3113,SPO3113,putative protein TIGR00051,SPO_RS15775,NA,NA,0,0,NA,NA,1.1,0.051,1,0.062,1,0.035,1.1,0.035,NA,-0.14,yes,-0.14,NA,0
SPO3157,SPO3157,"hydrolase, alpha/beta fold family",SPO_RS15995,NA,NA,0,0,NA,NA,0.96,0.04,0.95,0.029,1.1,0.029,1,0.049,NA,-0.015,yes,0.19,NA,0.058
SPO3180,rpiB,ribose 5-phosphate isomerase B,SPO_RS16110,NA,NA,0,0,NA,NA,1,0.028,1.1,0.035,1.1,0.022,1.1,0.031,NA,0.14,yes,0.14,NA,0.14
SPO3256,rpmE,ribosomal protein L31,SPO_RS16490,NA,NA,0,0,NA,NA,0,0,0.14,0.12,0.14,0.084,0.25,0.087,NA,3.9,yes,3.9,NA,4.7
SPO3296,SPO3296,AMP-binding enzyme,SPO_RS16690,NA,NA,0,0,0,0,0.87,0.013,0.93,0.024,0.94,0.014,0.95,0.027,NA,0.095,yes,0.11,yes,0.13
SPO3309,SPO3309,"saccharopine dehydrogenase, putative",SPO_RS16755,NA,NA,0,0,NA,NA,1,0.018,1,0.018,1.1,0.014,1,0.005,NA,0,yes,0.14,NA,0
SPO3360,kbl,2-amino-3-ketobutyrate coenzyme A ligase,SPO_RS17020,NA,NA,0,0,0,0,1.1,0.021,1,0.027,1,0.019,0.99,0.011,NA,-0.14,yes,-0.14,yes,-0.15
SPO3385,SPO3385,"glycosyl transferase, family 25",SPO_RS17145,NA,NA,0,0,NA,NA,1.1,0.006,1.1,0.014,1,0.027,1.1,0.012,NA,0,yes,-0.14,NA,0
SPO3541,SPO3541,"hydrolase, NUDIX family",SPO_RS17940,NA,NA,0,0,NA,NA,1.1,0.022,1,0.014,1,0.026,1,0.035,NA,-0.14,yes,-0.14,NA,-0.14
SPO3554,SPO3554,hypothetical protein,SPO_RS18005,NA,NA,0,0,0,0,1,0.021,1,0.012,1.1,0.027,1.1,0.032,NA,0,yes,0.14,yes,0.14
SPO3582,SPO3582,"kinase, pfkB family",SPO_RS18145,NA,NA,0,0,0,0,1.1,0.01,1.1,0.02,1,0.009,1,0.019,NA,0,yes,-0.14,yes,-0.14
SPO3584,SPO3584,"membrane protein, drug/metabolite transporter (DMT) family",SPO_RS18155,NA,NA,0,0,NA,NA,1.1,0.046,1,0.027,1,0.012,1,0.043,NA,-0.14,yes,-0.14,NA,-0.14
SPO3613,SPO3613,"transporter, LysE family",SPO_RS18310,NA,NA,0,0,NA,NA,1,0.023,1,0.023,1.1,0.017,1.1,0.027,NA,0,yes,0.14,NA,0.14
SPO3617,SPO3617,"peptidoglycan-binding protein, putative",SPO_RS18325,NA,NA,0,0,0,0,1.1,0.032,1,0.019,1,0.014,1,0.031,NA,-0.14,yes,-0.14,yes,-0.14
SPO3625,cspA,cold shock protein CspA,SPO_RS18365,NA,NA,0,0,0,0,1.1,0.04,1,0.021,1,0.035,1,0.03,NA,-0.14,yes,-0.14,yes,-0.14
SPO3629,SPO3629,hypothetical protein,SPO_RS18385,NA,NA,0,0,0,0,1.1,0.034,0.97,0.041,1,0.03,1,0.022,NA,-0.18,yes,-0.14,yes,-0.14
SPO3731,SPO3731,"glycerophosphoryl diester phosphodiesterase, putative",SPO_RS18935,NA,NA,0,0,0,0,1.1,0.021,1.1,0.043,1,0.012,1,0.013,NA,0,yes,-0.14,yes,-0.14
SPO3753,queF,NADPH-dependent 7-cyano-7-deazaguanine reductase (EC 1.7.1.13),SPO_RS19050,NA,NA,0,0,NA,NA,0.92,0.025,0.99,0.002,1,0.01,0.98,0.013,NA,0.1,yes,0.12,NA,0.09
SPO3789,SPO3789,4-carboxymuconolactone decarboxylase domain/alkylhydroperoxidase AhpD family core domain protein,SPO_RS19230,NA,NA,0,0,NA,NA,1.1,0.05,1,0.031,1,0.016,0.99,0.036,NA,-0.14,yes,-0.14,NA,-0.15
SPO3794,SPO3794,hypothetical protein,SPO_RS22635,NA,NA,0,0,NA,NA,1.1,0.024,1,0.041,1,0.016,1.1,0.052,NA,-0.14,yes,-0.14,NA,0
SPO3805,dmdD,Methylthioacryloyl-CoA hydratase,SPO_RS19305,NA,NA,0,0,NA,NA,1.1,0.019,1.1,0.026,1,0.015,1.1,0.013,NA,0,yes,-0.14,NA,0
SPO3810,gpmI,"2,3-bisphosphoglycerate-independent phosphoglycerate mutase",SPO_RS19335,NA,NA,0,0,NA,NA,0.045,0.035,0.35,0.033,0.3,0.03,0.33,0.11,NA,2.7,yes,2.5,NA,2.6
SPOA0007,SPOA0007,hypothetical protein,SPO_RS19815,NA,NA,0,0,NA,NA,0.45,0.22,1,0.15,0.95,0.12,0.75,0.3,NA,1.1,yes,1.1,NA,0.72
SPOA0031,nqrD,Na(+)-translocating NADH-quinone reductase subunit D,SPO_RS19930,NA,NA,0,0,0,0,1.1,0.01,1.1,0.012,1,0.021,1,0.02,NA,0,yes,-0.14,yes,-0.14
SPOA0037,SPOA0037,hypothetical protein,SPO_RS19960,NA,NA,0,0,0,0,1.2,0.063,1.1,0.021,1.1,0.016,1.1,0.01,NA,-0.12,yes,-0.12,yes,-0.12
SPOA0111,SPOA0111,"indolepyruvate oxidoreductase, IorA subunit",SPO_RS20385,NA,NA,0,0,0,0,1.1,0.016,1,0.01,1,0.017,1,0.024,NA,-0.14,yes,-0.14,yes,-0.14
SPOA0211,SPOA0211,Na/Pi-cotransporter family protein,SPO_RS20890,NA,NA,0,0,0,0,1.1,0.018,1.1,0.012,1,0.01,1,0.011,NA,0,yes,-0.14,yes,-0.14
SPOA0268,SPOA0268,methanethiol oxidation regulator,SPO_RS21175,NA,NA,0,0,0,0,1.1,0.02,1,0.017,1,0.018,1,0.018,NA,-0.14,yes,-0.14,yes,-0.14
SPOA0324,SPOA0324,hypothetical protein,SPO_RS21460,NA,NA,0,0,NA,NA,1.1,0.042,1,0.031,1,0.021,1.1,0.07,NA,-0.14,yes,-0.14,NA,0
SPOA0342,SPOA0342,hypothetical protein,SPO_RS21570,NA,NA,0,0,NA,NA,1.1,0.013,1.1,0.013,1,0.01,1.1,0.007,NA,0,yes,-0.14,NA,0
SPOA0343,SPOA0343,hypothetical protein,SPO_RS21575,NA,NA,0,0,0,0,1.1,0.01,1.1,0.004,1,0.013,1,0.014,NA,0,yes,-0.14,yes,-0.14
SPOA0449,SPOA0449,phytanoyl-CoA dioxygenase,SPO_RS19780,NA,NA,0,0,NA,NA,0.85,0.03,0.82,0.061,0.94,0.01,0.82,0.024,NA,-0.051,yes,0.14,NA,-0.051
SPO_Sp16SA,16S rRNA,,,NA,NA,NA,NA,0,0,0.97,0.005,1,0.003,1,0.005,1.1,0.003,NA,0.044,NA,0.044,yes,0.18
SPO_Sp16SB,16S rRNA,,,NA,NA,NA,NA,0,0,0.97,0.007,1,0.005,1,0.006,1.1,0.004,NA,0.044,NA,0.044,yes,0.18
SPO_Sp16SC,16S rRNA,,,NA,NA,NA,NA,0,0,0.96,0.005,1,0.004,1,0.005,1.1,0.002,NA,0.058,NA,0.058,yes,0.19
SPO0002,gidB,glucose-inhibited division protein B,SPO_RS22355,NA,NA,NA,NA,0,0,1,0.023,1,0.012,1,0.013,1.1,0.011,NA,0,NA,0,yes,0.14
SPO0060,mutT,mutator mutT protein,SPO_RS00305,NA,NA,NA,NA,0,0,1.1,0.01,1.1,0.013,1.1,0.015,1,0.014,NA,0,NA,0,yes,-0.14
SPO0210,leuB,3-isopropylmalate dehydrogenase,SPO_RS01070,NA,NA,NA,NA,0,0,0.045,0.045,0.15,0.088,0.054,0.032,0.26,0.047,NA,1.5,NA,0.22,yes,2.3
SPO0219,SPO0219,iojap-related protein,SPO_RS01115,NA,NA,NA,NA,0,0,0.99,0.022,1.1,0.011,1,0.009,1.1,0.017,NA,0.15,NA,0.014,yes,0.15
SPO0221,SPO0221,hypothetical protein,SPO_RS01125,NA,NA,NA,NA,0,0,1.1,0.036,1.1,0.059,1,0.042,1,0.024,NA,0,NA,-0.14,yes,-0.14
SPO0252,petP,transcriptional regulator PetP,SPO_RS01285,NA,NA,NA,NA,0,0,0,0,0,0,0.36,0.22,0.35,0.24,NA,0,NA,5.2,yes,5.2
SPO0284,SPO0284,"dihydroorotase, multifunctional complex type",SPO_RS01440,NA,NA,NA,NA,0,0,0.14,0.08,0.41,0.12,0.34,0.087,0.66,0.092,NA,1.5,NA,1.2,yes,2.2
SPO0325,phbB,acetoacetyl-CoA reductase,SPO_RS01655,NA,NA,NA,NA,0,0,0.64,0.091,1,0.036,0.94,0.074,0.96,0.068,NA,0.64,NA,0.55,yes,0.58
SPO0397,glnD,protein-P-II uridylyltransferase,SPO_RS02010,NA,NA,NA,NA,0,0,0.89,0.04,0.2,0.2,0.59,0.059,0,0,NA,-2.1,NA,-0.58,yes,-6.5
SPO0520,SPO0520,"glutamate/glutamine/aspartate/asparagine ABC transporter, permease protein",SPO_RS02625,NA,NA,NA,NA,0,0,0.96,0.018,1,0.04,1,0.018,1.1,0.022,NA,0.058,NA,0.058,yes,0.19
SPO0521,SPO0521,"glutamate/glutamine/aspartate/asparagine ABC transporter, permease protein",SPO_RS02630,NA,NA,NA,NA,0,0,0.91,0.027,1,0.016,0.99,0.014,1.1,0.017,NA,0.13,NA,0.12,yes,0.27
SPO0529,SPO0529,hypothetical protein,SPO_RS02670,NA,NA,NA,NA,0,0,1.2,0.077,1.1,0.034,0.99,0.045,1,0.06,NA,-0.12,NA,-0.28,yes,-0.26
SPO0629,SPO0629,"ISSpo3, transposase",SPO_RS03185,NA,NA,NA,NA,0,0,1,0.026,1,0.018,1,0.022,1.1,0.017,NA,0,NA,0,yes,0.14
SPO0680,SPO0680,glyoxalase family protein,SPO_RS03435,NA,NA,NA,NA,0,0,1,0.008,1,0.034,1,0.04,1.1,0.025,NA,0,NA,0,yes,0.14
SPO0757,paaG,phenylacetic acid degradation protein PaaG,SPO_RS03820,NA,NA,NA,NA,0,0,1.1,0.015,1.1,0.012,1.1,0.018,1,0.012,NA,0,NA,0,yes,-0.14
SPO0800,SPO0800,choline sulfatase,SPO_RS04035,NA,NA,NA,NA,0,0,0.78,0.049,0.86,0.046,0.91,0.018,0.94,0.008,NA,0.14,NA,0.22,yes,0.27
SPO0875,gap-2,"glyceraldehyde-3-phosphate dehydrogenase, type I",SPO_RS04410,NA,NA,NA,NA,0,0,0.63,0.043,0.75,0.036,0.67,0.028,0.83,0.018,NA,0.25,NA,0.087,yes,0.39
SPO0906,SPO0906,putative protein TIGR00726,SPO_RS04565,NA,NA,NA,NA,0,0,1.1,0.042,1.1,0.032,1,0.042,1,0.024,NA,0,NA,-0.14,yes,-0.14
SPO0935,SPO0935,nitroreductase family protein,SPO_RS04700,NA,NA,NA,NA,0,0,1.1,0.037,1,0.028,1,0.02,0.98,0.032,NA,-0.14,NA,-0.14,yes,-0.17
SPO1053,SPO1053,hypothetical protein,SPO_RS05345,NA,NA,NA,NA,0,0,1,0.029,1,0.03,1,0.022,1.1,0.028,NA,0,NA,0,yes,0.14
SPO1131,SPO1131,"glycine betaine/proline ABC transporter, periplasmic substrate-binding protein",SPO_RS05740,NA,NA,NA,NA,0,0,1.1,0.037,1,0.037,1,0.039,1,0.02,NA,-0.14,NA,-0.14,yes,-0.14
SPO1150,SPO1150,"RNA methyltransferase, TrmH family, group 3",SPO_RS05830,NA,NA,NA,NA,0,0,1.2,0.066,1,0.15,1.1,0.086,1,0.055,NA,-0.26,NA,-0.12,yes,-0.26
SPO1241,SPO1241,hypothetical protein,SPO_RS06320,NA,NA,NA,NA,0,0,1.1,0.01,1.1,0.014,1.1,0.016,1,0.035,NA,0,NA,0,yes,-0.14
SPO1254,SPO1254,hypothetical protein,SPO_RS06390,NA,NA,NA,NA,0,0,1,0.035,1.1,0.031,1.1,0.059,1.1,0.01,NA,0.14,NA,0.14,yes,0.14
SPO1322,SPO1322,hypothetical protein,SPO_RS06740,NA,NA,NA,NA,0,0,1.1,0.025,1.1,0.028,1.1,0.047,1,0.019,NA,0,NA,0,yes,-0.14
SPO1347,SPO1347,hypothetical protein,SPO_RS06865,NA,NA,NA,NA,0,0,1,0.039,1,0.04,0.98,0.027,1.1,0.021,NA,0,NA,-0.029,yes,0.14
SPO1592,SPO1592,aminomethyl transferase family protein,SPO_RS08100,NA,NA,NA,NA,0,0,0.98,0.019,0.98,0.03,0.97,0.009,0.91,0.02,NA,0,NA,-0.015,yes,-0.11
SPO1677,trmU,tRNA (5-methylaminomethyl-2-thiouridylate)-methyltransferase,SPO_RS08515,NA,NA,NA,NA,0,0,0.43,0.25,0.3,0.19,0.53,0.18,0,0,NA,-0.51,NA,0.3,yes,-5.5
SPO1690,SPO1690,"transcriptional regulator, GntR family",SPO_RS08575,NA,NA,NA,NA,0,0,1.1,0.019,0.99,0.021,1.1,0.022,1,0.03,NA,-0.15,NA,0,yes,-0.14
SPO1707,urtD,"Urea ABC transporter, ATP-binding protein gene",SPO_RS08680,NA,NA,NA,NA,0,0,1.1,0.028,0.97,0.064,0.99,0.067,1,0.015,NA,-0.18,NA,-0.15,yes,-0.14
SPO1727,SPO1727,"polyphosphate kinase 2, putative",SPO_RS08790,NA,NA,NA,NA,0,0,1.1,0.048,1.1,0.085,1,0.025,0.24,0.24,NA,0,NA,-0.14,yes,-2.2
SPO1757,kpsS,capsular polysaccharide export protein KpsS,SPO_RS08940,NA,NA,NA,NA,0,0,1.1,0.036,1,0.031,0.98,0.042,0.95,0.016,NA,-0.14,NA,-0.17,yes,-0.21
SPO1870,purL,phosphoribosylformylglycinamidine synthase II,SPO_RS09505,NA,NA,NA,NA,0,0,0.051,0.041,0.41,0.075,0.27,0.091,0.5,0.051,NA,2.8,NA,2.2,yes,3.1
SPO1874,SPO1874,acyltransferase domain protein,SPO_RS09525,NA,NA,NA,NA,0,0,1.1,0.017,1.1,0.025,1.1,0.025,1,0.015,NA,0,NA,0,yes,-0.14
SPO1876,argC-2,N-acetyl-gamma-glutamyl-phosphate reductase,SPO_RS09535,NA,NA,NA,NA,0,0,1,0.015,1,0.012,1,0.022,1.1,0.023,NA,0,NA,0,yes,0.14
SPO1884,SPO1884,S-methyltransferase component of split metH,SPO_RS09575,NA,NA,NA,NA,0,0,0,0,0,0,0.04,0.023,0.14,0.11,NA,0,NA,2.3,yes,3.9
SPO1933,SPO1933,invasion associated family protein,SPO_RS09815,NA,NA,NA,NA,0,0,0.84,0.036,0.98,0.055,0.97,0.026,1.1,0.065,NA,0.22,NA,0.21,yes,0.39
SPO1941,SPO1941,"transcriptional regulator, AraC family",SPO_RS09855,NA,NA,NA,NA,0,0,1,0.051,1.1,0.015,1.1,0.018,1.1,0.008,NA,0.14,NA,0.14,yes,0.14
SPO1948,pstS,"phosphate ABC transporter, periplasmic phosphate-binding protein",SPO_RS09890,NA,NA,NA,NA,0,0,1.1,0.044,1.1,0.024,1,0.01,1,0.022,NA,0,NA,-0.14,yes,-0.14
SPO2029,SPO2029,glutamine amidotransferases class-II domain protein,SPO_RS10295,NA,NA,NA,NA,0,0,1,0.06,1,0.021,1,0.022,1.1,0.018,NA,0,NA,0,yes,0.14
SPO2063,SPO2063,"acetyltransferase, GNAT family",SPO_RS10465,NA,NA,NA,NA,0,0,1.1,0.036,1.1,0.04,1.1,0.043,1,0.038,NA,0,NA,0,yes,-0.14
SPO2218,uvrA,UvrABC system protein A,SPO_RS11250,NA,NA,NA,NA,0,0,1,0.015,1,0.029,0.98,0.012,1.1,0.019,NA,0,NA,-0.029,yes,0.14
SPO2224,SPO2224,hypothetical protein,SPO_RS11280,NA,NA,NA,NA,0,0,1,0.009,1,0.027,1,0.033,1.1,0.04,NA,0,NA,0,yes,0.14
SPO2229,SPO2229,hypothetical protein,SPO_RS11305,NA,NA,NA,NA,0,0,1,0.02,0.97,0.058,0.97,0.048,0.92,0.019,NA,-0.044,NA,-0.044,yes,-0.12
SPO2242,pdhC,"pyruvate dehydrogenase complex, E2 component, dihydrolipoamide acetyltransferase",SPO_RS11365,NA,NA,NA,NA,0,0,0.18,0.086,0.51,0.097,0.46,0.095,0.63,0.065,NA,1.5,NA,1.3,yes,1.8
SPO2270,SPO2270,putative protein TIGR00247,SPO_RS11510,NA,NA,NA,NA,0,0,1.2,0.013,1.1,0.035,1.1,0.027,1.1,0.015,NA,-0.12,NA,-0.12,yes,-0.12
SPO2272,hisA2,1-(5-phosphoribosyl)-5-[(5-phosphoribosylamino)methylideneamino] imidazole-4-carboxamide isomerase 2 (EC 5.3.1.16),SPO_RS11520,NA,NA,NA,NA,0,0,0.98,0.028,1,0.023,1,0.052,0.9,0.006,NA,0.029,NA,0.029,yes,-0.12
SPO2286,luxR-2,autoinducer-binding transcriptional regulator LuxR,SPO_RS11590,NA,NA,NA,NA,0,0,0.97,0.019,1,0.031,1,0.023,1.1,0.026,NA,0.044,NA,0.044,yes,0.18
SPO2288,tig,trigger factor,SPO_RS11600,NA,NA,NA,NA,0,0,1.1,0.025,1.1,0.017,1.1,0.014,1,0.015,NA,0,NA,0,yes,-0.14
SPO2323,SPO2323,mechanosensitive ion channel family protein,SPO_RS11775,NA,NA,NA,NA,0,0,1,0.013,1,0.026,1,0.036,1.1,0.029,NA,0,NA,0,yes,0.14
SPO2373,SPO2373,hypothetical protein,SPO_RS12040,NA,NA,NA,NA,0,0,1,0.018,1,0.011,1,0.015,0.87,0.067,NA,0,NA,0,yes,-0.2
SPO2474,eno,enolase,SPO_RS12565,NA,NA,NA,NA,0,0,0.2,0.096,0.48,0.072,0.48,0.069,0.49,0.034,NA,1.2,NA,1.2,yes,1.3
SPO2483,anmK,Anhydro-N-acetylmuramic acid kinase (EC 2.7.1.170),SPO_RS12610,NA,NA,NA,NA,0,0,1.2,0.069,1.3,0.082,1.1,0.13,1,0.071,NA,0.11,NA,-0.12,yes,-0.26
SPO2500,scpB,segregation and condensation protein B,SPO_RS12690,NA,NA,NA,NA,0,0,1.1,0.021,1.1,0.04,1,0.028,1,0.019,NA,0,NA,-0.14,yes,-0.14
SPO2627,SPO2627,"TRAP transporter, DctQ subunit",SPO_RS13325,NA,NA,NA,NA,0,0,1.1,0.047,0.94,0.056,0.97,0.05,0.67,0.23,NA,-0.22,NA,-0.18,yes,-0.71
SPO2633,SPO2633,hypothetical protein,SPO_RS13355,NA,NA,NA,NA,0,0,0,0,0.22,0.22,0,0,0.71,0.24,NA,4.5,NA,0,yes,6.2
SPO2906,SPO2906,hypothetical protein,SPO_RS14745,NA,NA,NA,NA,0,0,0.6,0.051,0.83,0.034,0.78,0.058,0.92,0.033,NA,0.46,NA,0.37,yes,0.61
SPO2923,SPO2923,hypothetical protein,SPO_RS14825,NA,NA,NA,NA,0,0,1.1,0.047,1.1,0.053,0.94,0.092,1,0.026,NA,0,NA,-0.22,yes,-0.14
SPO2933,SPO2933,hypothetical protein,SPO_RS14875,NA,NA,NA,NA,0,0,1,0.03,0.92,0.03,1,0.016,1.1,0.032,NA,-0.12,NA,0,yes,0.14
SPO2958,SPO2958,inositol monophosphatase family protein,SPO_RS15000,NA,NA,NA,NA,0,0,0.4,0.081,0.53,0.1,0.55,0.085,0.75,0.032,NA,0.4,NA,0.45,yes,0.89
SPO2964,SPO2964,hypothetical protein,,NA,NA,NA,NA,0,0,1.1,0.026,0.99,0.024,1,0.021,1,0.017,NA,-0.15,NA,-0.14,yes,-0.14
SPO2989,SPO2989,cytochrome b562,SPO_RS15150,NA,NA,NA,NA,0,0,1.1,0.025,1.1,0.027,1.1,0.035,1,0.014,NA,0,NA,0,yes,-0.14
SPO3019,SPO3019,"xanthine dehydrogenase family protein, large subunit",SPO_RS15305,NA,NA,NA,NA,0,0,1.1,0.016,1.1,0.024,1.1,0.008,1,0.024,NA,0,NA,0,yes,-0.14
SPO3024,SPO3024,"adenylate/guanylate cyclase/hydrolase, alpha/beta fold family",SPO_RS15330,NA,NA,NA,NA,0,0,1.1,0.022,1,0.034,1.1,0.02,1,0.038,NA,-0.14,NA,0,yes,-0.14
SPO3034,SPO3034,phosphoenolpyruvate-protein phosphotransferase,SPO_RS15380,NA,NA,NA,NA,0,0,0.65,0.028,0.94,0.024,0.87,0.052,0.99,0.012,NA,0.53,NA,0.42,yes,0.6
SPO3058,SPO3058,sulfate transporter family protein,SPO_RS15495,NA,NA,NA,NA,0,0,1,0.027,1.1,0.009,1,0.024,1.1,0.015,NA,0.14,NA,0,yes,0.14
SPO3100,SPO3100,hypothetical protein,SPO_RS15710,NA,NA,NA,NA,0,0,1,0.014,1,0.022,0.99,0.012,1.1,0.023,NA,0,NA,-0.014,yes,0.14
SPO3128,fsaB,fructose-6-phosphate aldolase 2,SPO_RS15850,NA,NA,NA,NA,0,0,0.84,0.041,0.98,0.058,0.95,0.022,0.97,0.02,NA,0.22,NA,0.18,yes,0.21
SPO3169,clpA,"ATP-dependent Clp protease, ATP-binding subunit ClpA",SPO_RS16055,NA,NA,NA,NA,0,0,0.47,0.024,0.53,0.055,0.49,0.037,0.63,0.027,NA,0.17,NA,0.059,yes,0.42
SPO3217,def-1,peptide deformylase,SPO_RS16295,NA,NA,NA,NA,0,0,0.78,0.039,0.89,0.045,0.86,0.017,0.96,0.027,NA,0.19,NA,0.14,yes,0.3
SPO3224,cobC,cobalamin biosynthetic protein CobC,SPO_RS16330,NA,NA,NA,NA,0,0,0,0,0.6,0.32,0.53,0.3,0.71,0.14,NA,5.9,NA,5.8,yes,6.2
SPO3273,SPO3273,hypothetical protein,,NA,NA,NA,NA,0,0,0.79,0.069,0.88,0.049,0.97,0.065,0.96,0.029,NA,0.15,NA,0.29,yes,0.28
SPO3371,SPO3371,"peptidase, M16 family",SPO_RS17075,NA,NA,NA,NA,0,0,1.1,0.01,1,0.033,1,0.034,1,0.032,NA,-0.14,NA,-0.14,yes,-0.14
SPO3420,SPO3420,hypothetical protein,SPO_RS17315,NA,NA,NA,NA,0,0,0.97,0.026,1,0.032,0.95,0.018,1.1,0.017,NA,0.044,NA,-0.03,yes,0.18
SPO3498,tuf-2,translation elongation factor Tu,SPO_RS17715,NA,NA,NA,NA,0,0,0.97,0.005,0.96,0.022,0.9,0.007,1,0.01,NA,-0.015,NA,-0.11,yes,0.044
SPO3569,recR,recombination protein RecR,SPO_RS18080,NA,NA,NA,NA,0,0,1.1,0.034,1.1,0.041,1.1,0.017,1,0.035,NA,0,NA,0,yes,-0.14
SPO3609,linC-2,"2,5-dichloro-2,5-cyclohexadiene-1,4-diol dehydrogenase",SPO_RS18290,NA,NA,NA,NA,0,0,1,0.043,1,0.14,1,0.042,1.2,0.046,NA,0,NA,0,yes,0.26
SPO3620,SPO3620,"sulfonate ABC transporter, periplasmic sulfonate-binding protein",SPO_RS18340,NA,NA,NA,NA,0,0,1.1,0.01,1,0.014,1,0.018,1,0.017,NA,-0.14,NA,-0.14,yes,-0.14
SPO3634,moaD,"molybdopterin converting factor, subunit 1",SPO_RS18410,NA,NA,NA,NA,0,0,0.67,0.038,0.8,0.11,0.77,0.068,0.83,0.023,NA,0.25,NA,0.2,yes,0.3
SPO3673a,SPO3673a,hypothetical protein,SPO_RS22970,NA,NA,NA,NA,0,0,1.1,0.008,1.1,0.003,1.1,0.003,1,0.001,NA,0,NA,0,yes,-0.14
SPO3806,smpB,SsrA-binding protein,SPO_RS19310,NA,NA,NA,NA,0,0,0.7,0.031,0.86,0.046,0.81,0.028,0.91,0.033,NA,0.29,NA,0.21,yes,0.37
SPO3901,SPO3901,"carbon monoxide dehydrogenase G protein, putative",SPO_RS18460,NA,NA,NA,NA,0,0,1.1,0.021,0.98,0.063,1,0.029,0.86,0.064,NA,-0.17,NA,-0.14,yes,-0.35
SPOA0028,nqrA,Na(+)-translocating NADH-quinone reductase subunit A,SPO_RS19915,NA,NA,NA,NA,0,0,1.1,0.033,1.1,0.018,1,0.014,1,0.006,NA,0,NA,-0.14,yes,-0.14
SPOA0097,SPOA0097,"branched-chain amino acid ABC transporter, permease protein",SPO_RS20300,NA,NA,NA,NA,0,0,0.97,0.038,0.98,0.036,1,0.022,1.1,0.03,NA,0.015,NA,0.044,yes,0.18
SPOA0212,SPOA0212,nitric oxide reductase F protein,SPO_RS20895,NA,NA,NA,NA,0,0,0.86,0.021,0.51,0.27,0.99,0.11,1.1,0.055,NA,-0.74,NA,0.2,yes,0.35
SPOA0234,SPOA0234,agmatinase,SPO_RS21005,NA,NA,NA,NA,0,0,0.99,0.031,1,0.014,0.97,0.045,1.1,0.011,NA,0.014,NA,-0.029,yes,0.15
SPOA0249,SPOA0249,"TRAP dicarboxylate transporter, DctP subunit",SPO_RS21080,NA,NA,NA,NA,0,0,0.86,0.021,0.92,0.022,0.95,0.034,0.94,0.025,NA,0.096,NA,0.14,yes,0.13
SPOA0317,SPOA0317,AsnC family transcriptional regulator,SPO_RS21425,NA,NA,NA,NA,0,0,1,0.024,1,0.034,1,0.019,1.1,0.018,NA,0,NA,0,yes,0.14
SPOA0321,SPOA0321,glyoxalase family protein,SPO_RS21445,NA,NA,NA,NA,0,0,1.1,0.042,1,0.028,0.99,0.049,0.94,0.018,NA,-0.14,NA,-0.15,yes,-0.22
SPOA0326,SPOA0326,LysR family transcriptional regulator,SPO_RS21470,NA,NA,NA,NA,0,0,1.1,0.042,1,0.039,0.96,0.042,0.99,0.017,NA,-0.14,NA,-0.19,yes,-0.15
SPOA0422,SPOA0422,hypothetical protein,SPO_RS21965,NA,NA,NA,NA,0,0,0.73,0.046,0.92,0.11,0.86,0.025,0.98,0.05,NA,0.33,NA,0.23,yes,0.42
SPOA0432,pcaB,"3-carboxy-cis,cis-muconate cycloisomerase",SPO_RS22015,NA,NA,NA,NA,0,0,1.1,0.032,1.1,0.02,1.1,0.02,1,0.006,NA,0,NA,0,yes,-0.14
